[
{
  "model": "demo.category",
  "pk": 1,
  "fields": {
    "category_name": "Beverages",
    "description": "Soft drinks, coffees, teas, beers, and ales"
  }
},
{
  "model": "demo.category",
  "pk": 2,
  "fields": {
    "category_name": "Condiments",
    "description": "Sweet and savory sauces, relishes, spreads, and seasonings"
  }
},
{
  "model": "demo.category",
  "pk": 3,
  "fields": {
    "category_name": "Confections",
    "description": "Desserts, candies, and sweet breads"
  }
},
{
  "model": "demo.category",
  "pk": 4,
  "fields": {
    "category_name": "Dairy Products",
    "description": "Cheeses"
  }
},
{
  "model": "demo.category",
  "pk": 5,
  "fields": {
    "category_name": "Grains/Cereals",
    "description": "Breads, crackers, pasta, and cereal"
  }
},
{
  "model": "demo.category",
  "pk": 6,
  "fields": {
    "category_name": "Meat/Poultry",
    "description": "Prepared meats"
  }
},
{
  "model": "demo.category",
  "pk": 7,
  "fields": {
    "category_name": "Produce",
    "description": "Dried fruit and bean curd"
  }
},
{
  "model": "demo.category",
  "pk": 8,
  "fields": {
    "category_name": "Seafood",
    "description": "Seaweed and fish"
  }
},
{
  "model": "demo.customer",
  "pk": 1,
  "fields": {
    "customer_name": "Alfreds Futterkiste",
    "contact_name": "Maria Anders",
    "address": "Obere Str. 57",
    "city": "Berlin",
    "postal_code": "12209",
    "country": "Germany"
  }
},
{
  "model": "demo.customer",
  "pk": 2,
  "fields": {
    "customer_name": "Ana Trujillo Emparedados y helados",
    "contact_name": "Ana Trujillo",
    "address": "Avda. de la Constitución 2222",
    "city": "México D.F.",
    "postal_code": "5021",
    "country": "Mexico"
  }
},
{
  "model": "demo.customer",
  "pk": 3,
  "fields": {
    "customer_name": "Antonio Moreno Taquería",
    "contact_name": "Antonio Moreno",
    "address": "Mataderos 2312",
    "city": "México D.F.",
    "postal_code": "5023",
    "country": "Mexico"
  }
},
{
  "model": "demo.customer",
  "pk": 4,
  "fields": {
    "customer_name": "Around the Horn",
    "contact_name": "Thomas Hardy",
    "address": "120 Hanover Sq.",
    "city": "London",
    "postal_code": "WA1 1DP",
    "country": "UK"
  }
},
{
  "model": "demo.customer",
  "pk": 5,
  "fields": {
    "customer_name": "Berglunds snabbköp",
    "contact_name": "Christina Berglund",
    "address": "Berguvsvägen 8",
    "city": "Luleå",
    "postal_code": "S-958 22",
    "country": "Sweden"
  }
},
{
  "model": "demo.customer",
  "pk": 6,
  "fields": {
    "customer_name": "Blauer See Delikatessen",
    "contact_name": "Hanna Moos",
    "address": "Forsterstr. 57",
    "city": "Mannheim",
    "postal_code": "68306",
    "country": "Germany"
  }
},
{
  "model": "demo.customer",
  "pk": 7,
  "fields": {
    "customer_name": "Blondel père et fils",
    "contact_name": "Frédérique Citeaux",
    "address": "24, place Kléber",
    "city": "Strasbourg",
    "postal_code": "67000",
    "country": "France"
  }
},
{
  "model": "demo.customer",
  "pk": 8,
  "fields": {
    "customer_name": "Bólido Comidas preparadas",
    "contact_name": "Martín Sommer",
    "address": "C/ Araquil, 67",
    "city": "Madrid",
    "postal_code": "28023",
    "country": "Spain"
  }
},
{
  "model": "demo.customer",
  "pk": 9,
  "fields": {
    "customer_name": "Bon app''",
    "contact_name": "Laurence Lebihans",
    "address": "12, rue des Bouchers",
    "city": "Marseille",
    "postal_code": "13008",
    "country": "France"
  }
},
{
  "model": "demo.customer",
  "pk": 10,
  "fields": {
    "customer_name": "Bottom-Dollar Marketse",
    "contact_name": "Elizabeth Lincoln",
    "address": "23 Tsawassen Blvd.",
    "city": "Tsawassen",
    "postal_code": "T2F 8M4",
    "country": "Canada"
  }
},
{
  "model": "demo.customer",
  "pk": 11,
  "fields": {
    "customer_name": "B''s Beverages",
    "contact_name": "Victoria Ashworth",
    "address": "Fauntleroy Circus",
    "city": "London",
    "postal_code": "EC2 5NT",
    "country": "UK"
  }
},
{
  "model": "demo.customer",
  "pk": 12,
  "fields": {
    "customer_name": "Cactus Comidas para llevar",
    "contact_name": "Patricio Simpson",
    "address": "Cerrito 333",
    "city": "Buenos Aires",
    "postal_code": "1010",
    "country": "Argentina"
  }
},
{
  "model": "demo.customer",
  "pk": 13,
  "fields": {
    "customer_name": "Centro comercial Moctezuma",
    "contact_name": "Francisco Chang",
    "address": "Sierras de Granada 9993",
    "city": "México D.F.",
    "postal_code": "5022",
    "country": "Mexico"
  }
},
{
  "model": "demo.customer",
  "pk": 14,
  "fields": {
    "customer_name": "Chop-suey Chinese",
    "contact_name": "Yang Wang",
    "address": "Hauptstr. 29",
    "city": "Bern",
    "postal_code": "3012",
    "country": "Switzerland"
  }
},
{
  "model": "demo.customer",
  "pk": 15,
  "fields": {
    "customer_name": "Comércio Mineiro",
    "contact_name": "Pedro Afonso",
    "address": "Av. dos Lusíadas, 23",
    "city": "São Paulo",
    "postal_code": "05432-043",
    "country": "Brazil"
  }
},
{
  "model": "demo.customer",
  "pk": 16,
  "fields": {
    "customer_name": "Consolidated Holdings",
    "contact_name": "Elizabeth Brown",
    "address": "Berkeley Gardens 12 Brewery",
    "city": "London",
    "postal_code": "WX1 6LT",
    "country": "UK"
  }
},
{
  "model": "demo.customer",
  "pk": 17,
  "fields": {
    "customer_name": "Drachenblut Delikatessend",
    "contact_name": "Sven Ottlieb",
    "address": "Walserweg 21",
    "city": "Aachen",
    "postal_code": "52066",
    "country": "Germany"
  }
},
{
  "model": "demo.customer",
  "pk": 18,
  "fields": {
    "customer_name": "Du monde entier",
    "contact_name": "Janine Labrune",
    "address": "67, rue des Cinquante Otages",
    "city": "Nantes",
    "postal_code": "44000",
    "country": "France"
  }
},
{
  "model": "demo.customer",
  "pk": 19,
  "fields": {
    "customer_name": "Eastern Connection",
    "contact_name": "Ann Devon",
    "address": "35 King George",
    "city": "London",
    "postal_code": "WX3 6FW",
    "country": "UK"
  }
},
{
  "model": "demo.customer",
  "pk": 20,
  "fields": {
    "customer_name": "Ernst Handel",
    "contact_name": "Roland Mendel",
    "address": "Kirchgasse 6",
    "city": "Graz",
    "postal_code": "8010",
    "country": "Austria"
  }
},
{
  "model": "demo.customer",
  "pk": 21,
  "fields": {
    "customer_name": "Familia Arquibaldo",
    "contact_name": "Aria Cruz",
    "address": "Rua Orós, 92",
    "city": "São Paulo",
    "postal_code": "05442-030",
    "country": "Brazil"
  }
},
{
  "model": "demo.customer",
  "pk": 22,
  "fields": {
    "customer_name": "FISSA Fabrica Inter. Salchichas S.A.",
    "contact_name": "Diego Roel",
    "address": "C/ Moralzarzal, 86",
    "city": "Madrid",
    "postal_code": "28034",
    "country": "Spain"
  }
},
{
  "model": "demo.customer",
  "pk": 23,
  "fields": {
    "customer_name": "Folies gourmandes",
    "contact_name": "Martine Rancé",
    "address": "184, chaussée de Tournai",
    "city": "Lille",
    "postal_code": "59000",
    "country": "France"
  }
},
{
  "model": "demo.customer",
  "pk": 24,
  "fields": {
    "customer_name": "Folk och fä HB",
    "contact_name": "Maria Larsson",
    "address": "Åkergatan 24",
    "city": "Bräcke",
    "postal_code": "S-844 67",
    "country": "Sweden"
  }
},
{
  "model": "demo.customer",
  "pk": 25,
  "fields": {
    "customer_name": "Frankenversand",
    "contact_name": "Peter Franken",
    "address": "Berliner Platz 43",
    "city": "München",
    "postal_code": "80805",
    "country": "Germany"
  }
},
{
  "model": "demo.customer",
  "pk": 26,
  "fields": {
    "customer_name": "France restauration",
    "contact_name": "Carine Schmitt",
    "address": "54, rue Royale",
    "city": "Nantes",
    "postal_code": "44000",
    "country": "France"
  }
},
{
  "model": "demo.customer",
  "pk": 27,
  "fields": {
    "customer_name": "Franchi S.p.A.",
    "contact_name": "Paolo Accorti",
    "address": "Via Monte Bianco 34",
    "city": "Torino",
    "postal_code": "10100",
    "country": "Italy"
  }
},
{
  "model": "demo.customer",
  "pk": 28,
  "fields": {
    "customer_name": "Furia Bacalhau e Frutos do Mar",
    "contact_name": "Lino Rodriguez",
    "address": "Jardim das rosas n. 32",
    "city": "Lisboa",
    "postal_code": "1675",
    "country": "Portugal"
  }
},
{
  "model": "demo.customer",
  "pk": 29,
  "fields": {
    "customer_name": "Galería del gastrónomo",
    "contact_name": "Eduardo Saavedra",
    "address": "Rambla de Cataluña, 23",
    "city": "Barcelona",
    "postal_code": "8022",
    "country": "Spain"
  }
},
{
  "model": "demo.customer",
  "pk": 30,
  "fields": {
    "customer_name": "Godos Cocina Típica",
    "contact_name": "José Pedro Freyre",
    "address": "C/ Romero, 33",
    "city": "Sevilla",
    "postal_code": "41101",
    "country": "Spain"
  }
},
{
  "model": "demo.customer",
  "pk": 31,
  "fields": {
    "customer_name": "Gourmet Lanchonetes",
    "contact_name": "André Fonseca",
    "address": "Av. Brasil, 442",
    "city": "Campinas",
    "postal_code": "04876-786",
    "country": "Brazil"
  }
},
{
  "model": "demo.customer",
  "pk": 32,
  "fields": {
    "customer_name": "Great Lakes Food Market",
    "contact_name": "Howard Snyder",
    "address": "2732 Baker Blvd.",
    "city": "Eugene",
    "postal_code": "97403",
    "country": "USA"
  }
},
{
  "model": "demo.customer",
  "pk": 33,
  "fields": {
    "customer_name": "GROSELLA-Restaurante",
    "contact_name": "Manuel Pereira",
    "address": "5ª Ave. Los Palos Grandes",
    "city": "Caracas",
    "postal_code": "1081",
    "country": "Venezuela"
  }
},
{
  "model": "demo.customer",
  "pk": 34,
  "fields": {
    "customer_name": "Hanari Carnes",
    "contact_name": "Mario Pontes",
    "address": "Rua do Paço, 67",
    "city": "Rio de Janeiro",
    "postal_code": "05454-876",
    "country": "Brazil"
  }
},
{
  "model": "demo.customer",
  "pk": 35,
  "fields": {
    "customer_name": "HILARIÓN-Abastos",
    "contact_name": "Carlos Hernández",
    "address": "Carrera 22 con Ave. Carlos Soublette #8-35",
    "city": "San Cristóbal",
    "postal_code": "5022",
    "country": "Venezuela"
  }
},
{
  "model": "demo.customer",
  "pk": 36,
  "fields": {
    "customer_name": "Hungry Coyote Import Store",
    "contact_name": "Yoshi Latimer",
    "address": "City Center Plaza 516 Main St.",
    "city": "Elgin",
    "postal_code": "97827",
    "country": "USA"
  }
},
{
  "model": "demo.customer",
  "pk": 37,
  "fields": {
    "customer_name": "Hungry Owl All-Night Grocers",
    "contact_name": "Patricia McKenna",
    "address": "8 Johnstown Road",
    "city": "Cork",
    "postal_code": "",
    "country": "Ireland"
  }
},
{
  "model": "demo.customer",
  "pk": 38,
  "fields": {
    "customer_name": "Island Trading",
    "contact_name": "Helen Bennett",
    "address": "Garden House Crowther Way",
    "city": "Cowes",
    "postal_code": "PO31 7PJ",
    "country": "UK"
  }
},
{
  "model": "demo.customer",
  "pk": 39,
  "fields": {
    "customer_name": "Königlich Essen",
    "contact_name": "Philip Cramer",
    "address": "Maubelstr. 90",
    "city": "Brandenburg",
    "postal_code": "14776",
    "country": "Germany"
  }
},
{
  "model": "demo.customer",
  "pk": 40,
  "fields": {
    "customer_name": "La corne d''abondance",
    "contact_name": "Daniel Tonini",
    "address": "67, avenue de l''Europe",
    "city": "Versailles",
    "postal_code": "78000",
    "country": "France"
  }
},
{
  "model": "demo.customer",
  "pk": 41,
  "fields": {
    "customer_name": "La maison d''Asie",
    "contact_name": "Annette Roulet",
    "address": "1 rue Alsace-Lorraine",
    "city": "Toulouse",
    "postal_code": "31000",
    "country": "France"
  }
},
{
  "model": "demo.customer",
  "pk": 42,
  "fields": {
    "customer_name": "Laughing Bacchus Wine Cellars",
    "contact_name": "Yoshi Tannamuri",
    "address": "1900 Oak St.",
    "city": "Vancouver",
    "postal_code": "V3F 2K1",
    "country": "Canada"
  }
},
{
  "model": "demo.customer",
  "pk": 43,
  "fields": {
    "customer_name": "Lazy K Kountry Store",
    "contact_name": "John Steel",
    "address": "12 Orchestra Terrace",
    "city": "Walla Walla",
    "postal_code": "99362",
    "country": "USA"
  }
},
{
  "model": "demo.customer",
  "pk": 44,
  "fields": {
    "customer_name": "Lehmanns Marktstand",
    "contact_name": "Renate Messner",
    "address": "Magazinweg 7",
    "city": "Frankfurt a.M.",
    "postal_code": "60528",
    "country": "Germany"
  }
},
{
  "model": "demo.customer",
  "pk": 45,
  "fields": {
    "customer_name": "Let''s Stop N Shop",
    "contact_name": "Jaime Yorres",
    "address": "87 Polk St. Suite 5",
    "city": "San Francisco",
    "postal_code": "94117",
    "country": "USA"
  }
},
{
  "model": "demo.customer",
  "pk": 46,
  "fields": {
    "customer_name": "LILA-Supermercado",
    "contact_name": "Carlos González",
    "address": "Carrera 52 con Ave. Bolívar #65-98 Llano Largo",
    "city": "Barquisimeto",
    "postal_code": "3508",
    "country": "Venezuela"
  }
},
{
  "model": "demo.customer",
  "pk": 47,
  "fields": {
    "customer_name": "LINO-Delicateses",
    "contact_name": "Felipe Izquierdo",
    "address": "Ave. 5 de Mayo Porlamar",
    "city": "I. de Margarita",
    "postal_code": "4980",
    "country": "Venezuela"
  }
},
{
  "model": "demo.customer",
  "pk": 48,
  "fields": {
    "customer_name": "Lonesome Pine Restaurant",
    "contact_name": "Fran Wilson",
    "address": "89 Chiaroscuro Rd.",
    "city": "Portland",
    "postal_code": "97219",
    "country": "USA"
  }
},
{
  "model": "demo.customer",
  "pk": 49,
  "fields": {
    "customer_name": "Magazzini Alimentari Riuniti",
    "contact_name": "Giovanni Rovelli",
    "address": "Via Ludovico il Moro 22",
    "city": "Bergamo",
    "postal_code": "24100",
    "country": "Italy"
  }
},
{
  "model": "demo.customer",
  "pk": 50,
  "fields": {
    "customer_name": "Maison Dewey",
    "contact_name": "Catherine Dewey",
    "address": "Rue Joseph-Bens 532",
    "city": "Bruxelles",
    "postal_code": "B-1180",
    "country": "Belgium"
  }
},
{
  "model": "demo.customer",
  "pk": 51,
  "fields": {
    "customer_name": "Mère Paillarde",
    "contact_name": "Jean Fresnière",
    "address": "43 rue St. Laurent",
    "city": "Montréal",
    "postal_code": "H1J 1C3",
    "country": "Canada"
  }
},
{
  "model": "demo.customer",
  "pk": 52,
  "fields": {
    "customer_name": "Morgenstern Gesundkost",
    "contact_name": "Alexander Feuer",
    "address": "Heerstr. 22",
    "city": "Leipzig",
    "postal_code": "4179",
    "country": "Germany"
  }
},
{
  "model": "demo.customer",
  "pk": 53,
  "fields": {
    "customer_name": "North/South",
    "contact_name": "Simon Crowther",
    "address": "South House 300 Queensbridge",
    "city": "London",
    "postal_code": "SW7 1RZ",
    "country": "UK"
  }
},
{
  "model": "demo.customer",
  "pk": 54,
  "fields": {
    "customer_name": "Océano Atlántico Ltda.",
    "contact_name": "Yvonne Moncada",
    "address": "Ing. Gustavo Moncada 8585 Piso 20-A",
    "city": "Buenos Aires",
    "postal_code": "1010",
    "country": "Argentina"
  }
},
{
  "model": "demo.customer",
  "pk": 55,
  "fields": {
    "customer_name": "Old World Delicatessen",
    "contact_name": "Rene Phillips",
    "address": "2743 Bering St.",
    "city": "Anchorage",
    "postal_code": "99508",
    "country": "USA"
  }
},
{
  "model": "demo.customer",
  "pk": 56,
  "fields": {
    "customer_name": "Ottilies Käseladen",
    "contact_name": "Henriette Pfalzheim",
    "address": "Mehrheimerstr. 369",
    "city": "Köln",
    "postal_code": "50739",
    "country": "Germany"
  }
},
{
  "model": "demo.customer",
  "pk": 57,
  "fields": {
    "customer_name": "Paris spécialités",
    "contact_name": "Marie Bertrand",
    "address": "265, boulevard Charonne",
    "city": "Paris",
    "postal_code": "75012",
    "country": "France"
  }
},
{
  "model": "demo.customer",
  "pk": 58,
  "fields": {
    "customer_name": "Pericles Comidas clásicas",
    "contact_name": "Guillermo Fernández",
    "address": "Calle Dr. Jorge Cash 321",
    "city": "México D.F.",
    "postal_code": "5033",
    "country": "Mexico"
  }
},
{
  "model": "demo.customer",
  "pk": 59,
  "fields": {
    "customer_name": "Piccolo und mehr",
    "contact_name": "Georg Pipps",
    "address": "Geislweg 14",
    "city": "Salzburg",
    "postal_code": "5020",
    "country": "Austria"
  }
},
{
  "model": "demo.customer",
  "pk": 60,
  "fields": {
    "customer_name": "Princesa Isabel Vinhoss",
    "contact_name": "Isabel de Castro",
    "address": "Estrada da saúde n. 58",
    "city": "Lisboa",
    "postal_code": "1756",
    "country": "Portugal"
  }
},
{
  "model": "demo.customer",
  "pk": 61,
  "fields": {
    "customer_name": "Que Delícia",
    "contact_name": "Bernardo Batista",
    "address": "Rua da Panificadora, 12",
    "city": "Rio de Janeiro",
    "postal_code": "02389-673",
    "country": "Brazil"
  }
},
{
  "model": "demo.customer",
  "pk": 62,
  "fields": {
    "customer_name": "Queen Cozinha",
    "contact_name": "Lúcia Carvalho",
    "address": "Alameda dos Canàrios, 891",
    "city": "São Paulo",
    "postal_code": "05487-020",
    "country": "Brazil"
  }
},
{
  "model": "demo.customer",
  "pk": 63,
  "fields": {
    "customer_name": "QUICK-Stop",
    "contact_name": "Horst Kloss",
    "address": "Taucherstraße 10",
    "city": "Cunewalde",
    "postal_code": "1307",
    "country": "Germany"
  }
},
{
  "model": "demo.customer",
  "pk": 64,
  "fields": {
    "customer_name": "Rancho grande",
    "contact_name": "Sergio Gutiérrez",
    "address": "Av. del Libertador 900",
    "city": "Buenos Aires",
    "postal_code": "1010",
    "country": "Argentina"
  }
},
{
  "model": "demo.customer",
  "pk": 65,
  "fields": {
    "customer_name": "Rattlesnake Canyon Grocery",
    "contact_name": "Paula Wilson",
    "address": "2817 Milton Dr.",
    "city": "Albuquerque",
    "postal_code": "87110",
    "country": "USA"
  }
},
{
  "model": "demo.customer",
  "pk": 66,
  "fields": {
    "customer_name": "Reggiani Caseifici",
    "contact_name": "Maurizio Moroni",
    "address": "Strada Provinciale 124",
    "city": "Reggio Emilia",
    "postal_code": "42100",
    "country": "Italy"
  }
},
{
  "model": "demo.customer",
  "pk": 67,
  "fields": {
    "customer_name": "Ricardo Adocicados",
    "contact_name": "Janete Limeira",
    "address": "Av. Copacabana, 267",
    "city": "Rio de Janeiro",
    "postal_code": "02389-890",
    "country": "Brazil"
  }
},
{
  "model": "demo.customer",
  "pk": 68,
  "fields": {
    "customer_name": "Richter Supermarkt",
    "contact_name": "Michael Holz",
    "address": "Grenzacherweg 237",
    "city": "Genève",
    "postal_code": "1203",
    "country": "Switzerland"
  }
},
{
  "model": "demo.customer",
  "pk": 69,
  "fields": {
    "customer_name": "Romero y tomillo",
    "contact_name": "Alejandra Camino",
    "address": "Gran Vía, 1",
    "city": "Madrid",
    "postal_code": "28001",
    "country": "Spain"
  }
},
{
  "model": "demo.customer",
  "pk": 70,
  "fields": {
    "customer_name": "Santé Gourmet",
    "contact_name": "Jonas Bergulfsen",
    "address": "Erling Skakkes gate 78",
    "city": "Stavern",
    "postal_code": "4110",
    "country": "Norway"
  }
},
{
  "model": "demo.customer",
  "pk": 71,
  "fields": {
    "customer_name": "Save-a-lot Markets",
    "contact_name": "Jose Pavarotti",
    "address": "187 Suffolk Ln.",
    "city": "Boise",
    "postal_code": "83720",
    "country": "USA"
  }
},
{
  "model": "demo.customer",
  "pk": 72,
  "fields": {
    "customer_name": "Seven Seas Imports",
    "contact_name": "Hari Kumar",
    "address": "90 Wadhurst Rd.",
    "city": "London",
    "postal_code": "OX15 4NB",
    "country": "UK"
  }
},
{
  "model": "demo.customer",
  "pk": 73,
  "fields": {
    "customer_name": "Simons bistro",
    "contact_name": "Jytte Petersen",
    "address": "Vinbæltet 34",
    "city": "København",
    "postal_code": "1734",
    "country": "Denmark"
  }
},
{
  "model": "demo.customer",
  "pk": 74,
  "fields": {
    "customer_name": "Spécialités du monde",
    "contact_name": "Dominique Perrier",
    "address": "25, rue Lauriston",
    "city": "Paris",
    "postal_code": "75016",
    "country": "France"
  }
},
{
  "model": "demo.customer",
  "pk": 75,
  "fields": {
    "customer_name": "Split Rail Beer & Ale",
    "contact_name": "Art Braunschweiger",
    "address": "P.O. Box 555",
    "city": "Lander",
    "postal_code": "82520",
    "country": "USA"
  }
},
{
  "model": "demo.customer",
  "pk": 76,
  "fields": {
    "customer_name": "Suprêmes délices",
    "contact_name": "Pascale Cartrain",
    "address": "Boulevard Tirou, 255",
    "city": "Charleroi",
    "postal_code": "B-6000",
    "country": "Belgium"
  }
},
{
  "model": "demo.customer",
  "pk": 77,
  "fields": {
    "customer_name": "The Big Cheese",
    "contact_name": "Liz Nixon",
    "address": "89 Jefferson Way Suite 2",
    "city": "Portland",
    "postal_code": "97201",
    "country": "USA"
  }
},
{
  "model": "demo.customer",
  "pk": 78,
  "fields": {
    "customer_name": "The Cracker Box",
    "contact_name": "Liu Wong",
    "address": "55 Grizzly Peak Rd.",
    "city": "Butte",
    "postal_code": "59801",
    "country": "USA"
  }
},
{
  "model": "demo.customer",
  "pk": 79,
  "fields": {
    "customer_name": "Toms Spezialitäten",
    "contact_name": "Karin Josephs",
    "address": "Luisenstr. 48",
    "city": "Münster",
    "postal_code": "44087",
    "country": "Germany"
  }
},
{
  "model": "demo.customer",
  "pk": 80,
  "fields": {
    "customer_name": "Tortuga Restaurante",
    "contact_name": "Miguel Angel Paolino",
    "address": "Avda. Azteca 123",
    "city": "México D.F.",
    "postal_code": "5033",
    "country": "Mexico"
  }
},
{
  "model": "demo.customer",
  "pk": 81,
  "fields": {
    "customer_name": "Tradição Hipermercados",
    "contact_name": "Anabela Domingues",
    "address": "Av. Inês de Castro, 414",
    "city": "São Paulo",
    "postal_code": "05634-030",
    "country": "Brazil"
  }
},
{
  "model": "demo.customer",
  "pk": 82,
  "fields": {
    "customer_name": "Trail''s Head Gourmet Provisioners",
    "contact_name": "Helvetius Nagy",
    "address": "722 DaVinci Blvd.",
    "city": "Kirkland",
    "postal_code": "98034",
    "country": "USA"
  }
},
{
  "model": "demo.customer",
  "pk": 83,
  "fields": {
    "customer_name": "Vaffeljernet",
    "contact_name": "Palle Ibsen",
    "address": "Smagsløget 45",
    "city": "Århus",
    "postal_code": "8200",
    "country": "Denmark"
  }
},
{
  "model": "demo.customer",
  "pk": 84,
  "fields": {
    "customer_name": "Victuailles en stock",
    "contact_name": "Mary Saveley",
    "address": "2, rue du Commerce",
    "city": "Lyon",
    "postal_code": "69004",
    "country": "France"
  }
},
{
  "model": "demo.customer",
  "pk": 85,
  "fields": {
    "customer_name": "Vins et alcools Chevalier",
    "contact_name": "Paul Henriot",
    "address": "59 rue de l''Abbaye",
    "city": "Reims",
    "postal_code": "51100",
    "country": "France"
  }
},
{
  "model": "demo.customer",
  "pk": 86,
  "fields": {
    "customer_name": "Die Wandernde Kuh",
    "contact_name": "Rita Müller",
    "address": "Adenauerallee 900",
    "city": "Stuttgart",
    "postal_code": "70563",
    "country": "Germany"
  }
},
{
  "model": "demo.customer",
  "pk": 87,
  "fields": {
    "customer_name": "Wartian Herkku",
    "contact_name": "Pirkko Koskitalo",
    "address": "Torikatu 38",
    "city": "Oulu",
    "postal_code": "90110",
    "country": "Finland"
  }
},
{
  "model": "demo.customer",
  "pk": 88,
  "fields": {
    "customer_name": "Wellington Importadora",
    "contact_name": "Paula Parente",
    "address": "Rua do Mercado, 12",
    "city": "Resende",
    "postal_code": "08737-363",
    "country": "Brazil"
  }
},
{
  "model": "demo.customer",
  "pk": 89,
  "fields": {
    "customer_name": "White Clover Markets",
    "contact_name": "Karl Jablonski",
    "address": "305 - 14th Ave. S. Suite 3B",
    "city": "Seattle",
    "postal_code": "98128",
    "country": "USA"
  }
},
{
  "model": "demo.customer",
  "pk": 90,
  "fields": {
    "customer_name": "Wilman Kala",
    "contact_name": "Matti Karttunen",
    "address": "Keskuskatu 45",
    "city": "Helsinki",
    "postal_code": "21240",
    "country": "Finland"
  }
},
{
  "model": "demo.customer",
  "pk": 91,
  "fields": {
    "customer_name": "Wolski",
    "contact_name": "Zbyszek",
    "address": "ul. Filtrowa 68",
    "city": "Walla",
    "postal_code": "01-012",
    "country": "Poland"
  }
},
{
  "model": "demo.employee",
  "pk": 1,
  "fields": {
    "last_name": "Davolio",
    "first_name": "Nancy",
    "birth_date": "1968-12-08",
    "photo": "images/employee_photo/employee_id_1.jpg",
    "notes": "Education includes a BA in psychology from Colorado State University. She also completed (The Art of the Cold Call). Nancy is a member of 'Toastmasters International'."
  }
},
{
  "model": "demo.employee",
  "pk": 2,
  "fields": {
    "last_name": "Fuller",
    "first_name": "Andrew",
    "birth_date": "1952-02-19",
    "photo": "images/employee_photo/employee_id_2.jpg",
    "notes": "Andrew received his BTS commercial and a Ph.D. in international marketing from the University of Dallas. He is fluent in French and Italian and reads German. He joined the company as a sales representative, was promoted to sales manager and was then named vice president of sales. Andrew is a member of the Sales Management Roundtable, the Seattle Chamber of Commerce, and the Pacific Rim Importers Association."
  }
},
{
  "model": "demo.employee",
  "pk": 3,
  "fields": {
    "last_name": "Leverling",
    "first_name": "Janet",
    "birth_date": "1963-08-30",
    "photo": "images/employee_photo/employee_id_3.jpg",
    "notes": "Janet has a BS degree in chemistry from Boston College). She has also completed a certificate program in food retailing management. Janet was hired as a sales associate and was promoted to sales representative."
  }
},
{
  "model": "demo.employee",
  "pk": 4,
  "fields": {
    "last_name": "Peacock",
    "first_name": "Margaret",
    "birth_date": "1958-09-19",
    "photo": "images/employee_photo/employee_id_4.jpg",
    "notes": "Margaret holds a BA in English literature from Concordia College and an MA from the American Institute of Culinary Arts. She was temporarily assigned to the London office before returning to her permanent post in Seattle."
  }
},
{
  "model": "demo.employee",
  "pk": 5,
  "fields": {
    "last_name": "Buchanan",
    "first_name": "Steven",
    "birth_date": "1955-03-04",
    "photo": "images/employee_photo/employee_id_5.jpg",
    "notes": "Steven Buchanan graduated from St. Andrews University, Scotland, with a BSC degree. Upon joining the company as a sales representative, he spent 6 months in an orientation program at the Seattle office and then returned to his permanent post in London, where he was promoted to sales manager. Mr. Buchanan has completed the courses 'Successful Telemarketing' and 'International Sales Management'. He is fluent in French."
  }
},
{
  "model": "demo.employee",
  "pk": 6,
  "fields": {
    "last_name": "Suyama",
    "first_name": "Michael",
    "birth_date": "1963-07-02",
    "photo": "images/employee_photo/employee_id_6.jpg",
    "notes": "Michael is a graduate of Sussex University (MA, economics) and the University of California at Los Angeles (MBA, marketing). He has also taken the courses 'Multi-Cultural Selling' and 'Time Management for the Sales Professional'. He is fluent in Japanese and can read and write French, Portuguese, and Spanish."
  }
},
{
  "model": "demo.employee",
  "pk": 7,
  "fields": {
    "last_name": "King",
    "first_name": "Robert",
    "birth_date": "1960-05-29",
    "photo": "images/employee_photo/employee_id_7.jpg",
    "notes": "Robert King served in the Peace Corps and traveled extensively before completing his degree in English at the University of Michigan and then joining the company. After completing a course entitled 'Selling in Europe', he was transferred to the London office."
  }
},
{
  "model": "demo.employee",
  "pk": 8,
  "fields": {
    "last_name": "Callahan",
    "first_name": "Laura",
    "birth_date": "1958-01-09",
    "photo": "images/employee_photo/employee_id_8.jpg",
    "notes": "Laura received a BA in psychology from the University of Washington. She has also completed a course in business French. She reads and writes French."
  }
},
{
  "model": "demo.employee",
  "pk": 9,
  "fields": {
    "last_name": "Dodsworth",
    "first_name": "Anne",
    "birth_date": "1969-07-02",
    "photo": "images/employee_photo/employee_id_9.jpg",
    "notes": "Anne has a BA degree in English from St. Lawrence College. She is fluent in French and German."
  }
},
{
  "model": "demo.employee",
  "pk": 10,
  "fields": {
    "last_name": "West",
    "first_name": "Adam",
    "birth_date": "1928-09-19",
    "photo": "images/employee_photo/employee_id_10.jpg",
    "notes": "An old chum."
  }
},
{
  "model": "demo.supplier",
  "pk": 1,
  "fields": {
    "supplier_name": "Exotic Liquid",
    "contact_name": "Charlotte Cooper",
    "address": "49 Gilbert St.",
    "city": "Londona",
    "postal_code": "EC1 4SD",
    "country": "UK",
    "phone": "(171) 555-2222"
  }
},
{
  "model": "demo.supplier",
  "pk": 2,
  "fields": {
    "supplier_name": "New Orleans Cajun Delights",
    "contact_name": "Shelley Burke",
    "address": "P.O. Box 78934",
    "city": "New Orleans",
    "postal_code": "70117",
    "country": "USA",
    "phone": "(100) 555-4822"
  }
},
{
  "model": "demo.supplier",
  "pk": 3,
  "fields": {
    "supplier_name": "Grandma Kelly's Homestead",
    "contact_name": "Regina Murphy",
    "address": "707 Oxford Rd.",
    "city": "Ann Arbor",
    "postal_code": "48104",
    "country": "USA",
    "phone": "(313) 555-5735"
  }
},
{
  "model": "demo.supplier",
  "pk": 4,
  "fields": {
    "supplier_name": "Tokyo Traders",
    "contact_name": "Yoshi Nagase",
    "address": "9-8 Sekimai Musashino-shi",
    "city": "Tokyo",
    "postal_code": "100",
    "country": "Japan",
    "phone": "(03) 3555-5011"
  }
},
{
  "model": "demo.supplier",
  "pk": 5,
  "fields": {
    "supplier_name": "Cooperativa de Quesos 'Las Cabras'",
    "contact_name": "Antonio del Valle Saavedra",
    "address": "Calle del Rosal 4",
    "city": "Oviedo",
    "postal_code": "33007",
    "country": "Spain",
    "phone": "(98) 598 76 54"
  }
},
{
  "model": "demo.supplier",
  "pk": 6,
  "fields": {
    "supplier_name": "Mayumi's",
    "contact_name": "Mayumi Ohno",
    "address": "92 Setsuko Chuo-ku",
    "city": "Osaka",
    "postal_code": "545",
    "country": "Japan",
    "phone": "(06) 431-7877"
  }
},
{
  "model": "demo.supplier",
  "pk": 7,
  "fields": {
    "supplier_name": "Pavlova, Ltd.",
    "contact_name": "Ian Devling",
    "address": "74 Rose St. Moonie Ponds",
    "city": "Melbourne",
    "postal_code": "3058",
    "country": "Australia",
    "phone": "(03) 444-2343"
  }
},
{
  "model": "demo.supplier",
  "pk": 8,
  "fields": {
    "supplier_name": "Specialty Biscuits, Ltd.",
    "contact_name": "Peter Wilson",
    "address": "29 King's Way",
    "city": "Manchester",
    "postal_code": "M14 GSD",
    "country": "UK",
    "phone": "(161) 555-4448"
  }
},
{
  "model": "demo.supplier",
  "pk": 9,
  "fields": {
    "supplier_name": "PB Knäckebröd AB",
    "contact_name": "Lars Peterson",
    "address": "Kaloadagatan 13",
    "city": "Göteborg",
    "postal_code": "S-345 67",
    "country": "Sweden",
    "phone": "031-987 65 43"
  }
},
{
  "model": "demo.supplier",
  "pk": 10,
  "fields": {
    "supplier_name": "Refrescos Americanas LTDA",
    "contact_name": "Carlos Diaz",
    "address": "Av. das Americanas 12.890",
    "city": "São Paulo",
    "postal_code": "5442",
    "country": "Brazil",
    "phone": "(11) 555 4640"
  }
},
{
  "model": "demo.supplier",
  "pk": 11,
  "fields": {
    "supplier_name": "Heli Süßwaren GmbH & Co. KG",
    "contact_name": "Petra Winkler",
    "address": "Tiergartenstraße 5",
    "city": "Berlin",
    "postal_code": "10785",
    "country": "Germany",
    "phone": "(010) 9984510"
  }
},
{
  "model": "demo.supplier",
  "pk": 12,
  "fields": {
    "supplier_name": "Plutzer Lebensmittelgroßmärkte AG",
    "contact_name": "Martin Bein",
    "address": "Bogenallee 51",
    "city": "Frankfurt",
    "postal_code": "60439",
    "country": "Germany",
    "phone": "(069) 992755"
  }
},
{
  "model": "demo.supplier",
  "pk": 13,
  "fields": {
    "supplier_name": "Nord-Ost-Fisch Handelsgesellschaft mbH",
    "contact_name": "Sven Petersen",
    "address": "Frahmredder 112a",
    "city": "Cuxhaven",
    "postal_code": "27478",
    "country": "Germany",
    "phone": "(04721) 8713"
  }
},
{
  "model": "demo.supplier",
  "pk": 14,
  "fields": {
    "supplier_name": "Formaggi Fortini s.r.l.",
    "contact_name": "Elio Rossi",
    "address": "Viale Dante, 75",
    "city": "Ravenna",
    "postal_code": "48100",
    "country": "Italy",
    "phone": "(0544) 60323"
  }
},
{
  "model": "demo.supplier",
  "pk": 15,
  "fields": {
    "supplier_name": "Norske Meierier",
    "contact_name": "Beate Vileid",
    "address": "Hatlevegen 5",
    "city": "Sandvika",
    "postal_code": "1320",
    "country": "Norway",
    "phone": "(0)2-953010"
  }
},
{
  "model": "demo.supplier",
  "pk": 16,
  "fields": {
    "supplier_name": "Bigfoot Breweries",
    "contact_name": "Cheryl Saylor",
    "address": "3400 - 8th Avenue Suite 210",
    "city": "Bend",
    "postal_code": "97101",
    "country": "USA",
    "phone": "(503) 555-9931"
  }
},
{
  "model": "demo.supplier",
  "pk": 17,
  "fields": {
    "supplier_name": "Svensk Sjöföda AB",
    "contact_name": "Michael Björn",
    "address": "Brovallavägen 231",
    "city": "Stockholm",
    "postal_code": "S-123 45",
    "country": "Sweden",
    "phone": "08-123 45 67"
  }
},
{
  "model": "demo.supplier",
  "pk": 18,
  "fields": {
    "supplier_name": "Aux joyeux ecclésiastiques",
    "contact_name": "Guylène Nodier",
    "address": "203, Rue des Francs-Bourgeois",
    "city": "Paris",
    "postal_code": "75004",
    "country": "France",
    "phone": "(1) 03.83.00.68"
  }
},
{
  "model": "demo.supplier",
  "pk": 19,
  "fields": {
    "supplier_name": "New England Seafood Cannery",
    "contact_name": "Robb Merchant",
    "address": "Order Processing Dept. 2100 Paul Revere Blvd.",
    "city": "Boston",
    "postal_code": "2134",
    "country": "USA",
    "phone": "(617) 555-3267"
  }
},
{
  "model": "demo.supplier",
  "pk": 20,
  "fields": {
    "supplier_name": "Leka Trading",
    "contact_name": "Chandra Leka",
    "address": "471 Serangoon Loop, Suite #402",
    "city": "Singapore",
    "postal_code": "512",
    "country": "Singapore",
    "phone": "555-8787"
  }
},
{
  "model": "demo.supplier",
  "pk": 21,
  "fields": {
    "supplier_name": "Lyngbysild",
    "contact_name": "Niels Petersen",
    "address": "Lyngbysild Fiskebakken 10",
    "city": "Lyngby",
    "postal_code": "2800",
    "country": "Denmark",
    "phone": "43844108"
  }
},
{
  "model": "demo.supplier",
  "pk": 22,
  "fields": {
    "supplier_name": "Zaanse Snoepfabriek",
    "contact_name": "Dirk Luchte",
    "address": "Verkoop Rijnweg 22",
    "city": "Zaandam",
    "postal_code": "9999 ZZ",
    "country": "Netherlands",
    "phone": "(12345) 1212"
  }
},
{
  "model": "demo.supplier",
  "pk": 23,
  "fields": {
    "supplier_name": "Karkki Oy",
    "contact_name": "Anne Heikkonen",
    "address": "Valtakatu 12",
    "city": "Lappeenranta",
    "postal_code": "53120",
    "country": "Finland",
    "phone": "(953) 10956"
  }
},
{
  "model": "demo.supplier",
  "pk": 24,
  "fields": {
    "supplier_name": "G'day, Mate",
    "contact_name": "Wendy Mackenzie",
    "address": "170 Prince Edward Parade Hunter's Hill",
    "city": "Sydney",
    "postal_code": "2042",
    "country": "Australia",
    "phone": "(02) 555-5914"
  }
},
{
  "model": "demo.supplier",
  "pk": 25,
  "fields": {
    "supplier_name": "Ma Maison",
    "contact_name": "Jean-Guy Lauzon",
    "address": "2960 Rue St. Laurent",
    "city": "Montréal",
    "postal_code": "H1J 1C3",
    "country": "Canada",
    "phone": "(514) 555-9022"
  }
},
{
  "model": "demo.supplier",
  "pk": 26,
  "fields": {
    "supplier_name": "Pasta Buttini s.r.l.",
    "contact_name": "Giovanni Giudici",
    "address": "Via dei Gelsomini, 153",
    "city": "Salerno",
    "postal_code": "84100",
    "country": "Italy",
    "phone": "(089) 6547665"
  }
},
{
  "model": "demo.supplier",
  "pk": 27,
  "fields": {
    "supplier_name": "Escargots Nouveaux",
    "contact_name": "Marie Delamare",
    "address": "22, rue H. Voiron",
    "city": "Montceau",
    "postal_code": "71300",
    "country": "France",
    "phone": "85.57.00.07"
  }
},
{
  "model": "demo.supplier",
  "pk": 28,
  "fields": {
    "supplier_name": "Gai pâturage",
    "contact_name": "Eliane Noz",
    "address": "Bat. B 3, rue des Alpes",
    "city": "Annecy",
    "postal_code": "74000",
    "country": "France",
    "phone": "38.76.98.06"
  }
},
{
  "model": "demo.supplier",
  "pk": 29,
  "fields": {
    "supplier_name": "Forêts d'érables",
    "contact_name": "Chantal Goulet",
    "address": "148 rue Chasseur",
    "city": "Ste-Hyacinthe",
    "postal_code": "J2S 7S8",
    "country": "Canada",
    "phone": "(514) 555-2955"
  }
},
{
  "model": "demo.product",
  "pk": 1,
  "fields": {
    "product_name": "Chais",
    "supplier": 1,
    "category": 1,
    "unit": "10 boxes x 20 bags",
    "price": "18.00"
  }
},
{
  "model": "demo.product",
  "pk": 2,
  "fields": {
    "product_name": "Chang",
    "supplier": 1,
    "category": 1,
    "unit": "24 - 12 oz bottles",
    "price": "19.00"
  }
},
{
  "model": "demo.product",
  "pk": 3,
  "fields": {
    "product_name": "Aniseed Syrup",
    "supplier": 1,
    "category": 2,
    "unit": "12 - 550 ml bottles",
    "price": "10.00"
  }
},
{
  "model": "demo.product",
  "pk": 4,
  "fields": {
    "product_name": "Chef Anton's Cajun Seasoning",
    "supplier": 2,
    "category": 2,
    "unit": "48 - 6 oz jars",
    "price": "22.00"
  }
},
{
  "model": "demo.product",
  "pk": 5,
  "fields": {
    "product_name": "Chef Anton's Gumbo Mix",
    "supplier": 2,
    "category": 2,
    "unit": "36 boxes",
    "price": "21.35"
  }
},
{
  "model": "demo.product",
  "pk": 6,
  "fields": {
    "product_name": "Grandma's Boysenberry Spread",
    "supplier": 3,
    "category": 2,
    "unit": "12 - 8 oz jars",
    "price": "25.00"
  }
},
{
  "model": "demo.product",
  "pk": 7,
  "fields": {
    "product_name": "Uncle Bob's Organic Dried Pears",
    "supplier": 3,
    "category": 7,
    "unit": "12 - 1 lb pkgs.",
    "price": "30.00"
  }
},
{
  "model": "demo.product",
  "pk": 8,
  "fields": {
    "product_name": "Northwoods Cranberry Sauce",
    "supplier": 3,
    "category": 2,
    "unit": "12 - 12 oz jars",
    "price": "40.00"
  }
},
{
  "model": "demo.product",
  "pk": 9,
  "fields": {
    "product_name": "Mishi Kobe Niku",
    "supplier": 4,
    "category": 6,
    "unit": "18 - 500 g pkgs.",
    "price": "97.00"
  }
},
{
  "model": "demo.product",
  "pk": 10,
  "fields": {
    "product_name": "Ikura",
    "supplier": 4,
    "category": 8,
    "unit": "12 - 200 ml jars",
    "price": "31.00"
  }
},
{
  "model": "demo.product",
  "pk": 11,
  "fields": {
    "product_name": "Queso Cabrales",
    "supplier": 5,
    "category": 4,
    "unit": "1 kg pkg.",
    "price": "21.00"
  }
},
{
  "model": "demo.product",
  "pk": 12,
  "fields": {
    "product_name": "Queso Manchego La Pastora",
    "supplier": 5,
    "category": 4,
    "unit": "10 - 500 g pkgs.",
    "price": "38.00"
  }
},
{
  "model": "demo.product",
  "pk": 13,
  "fields": {
    "product_name": "Konbu",
    "supplier": 6,
    "category": 8,
    "unit": "2 kg box",
    "price": "6.00"
  }
},
{
  "model": "demo.product",
  "pk": 14,
  "fields": {
    "product_name": "Tofu",
    "supplier": 6,
    "category": 7,
    "unit": "40 - 100 g pkgs.",
    "price": "23.25"
  }
},
{
  "model": "demo.product",
  "pk": 15,
  "fields": {
    "product_name": "Genen Shouyu",
    "supplier": 6,
    "category": 2,
    "unit": "24 - 250 ml bottles",
    "price": "15.50"
  }
},
{
  "model": "demo.product",
  "pk": 16,
  "fields": {
    "product_name": "Pavlova",
    "supplier": 7,
    "category": 3,
    "unit": "32 - 500 g boxes",
    "price": "17.45"
  }
},
{
  "model": "demo.product",
  "pk": 17,
  "fields": {
    "product_name": "Alice Mutton",
    "supplier": 7,
    "category": 6,
    "unit": "20 - 1 kg tins",
    "price": "39.00"
  }
},
{
  "model": "demo.product",
  "pk": 18,
  "fields": {
    "product_name": "Carnarvon Tigers",
    "supplier": 7,
    "category": 8,
    "unit": "16 kg pkg.",
    "price": "62.50"
  }
},
{
  "model": "demo.product",
  "pk": 19,
  "fields": {
    "product_name": "Teatime Chocolate Biscuits",
    "supplier": 8,
    "category": 3,
    "unit": "10 boxes x 12 pieces",
    "price": "9.20"
  }
},
{
  "model": "demo.product",
  "pk": 20,
  "fields": {
    "product_name": "Sir Rodney's Marmalade",
    "supplier": 8,
    "category": 3,
    "unit": "30 gift boxes",
    "price": "81.00"
  }
},
{
  "model": "demo.product",
  "pk": 21,
  "fields": {
    "product_name": "Sir Rodney's Scones",
    "supplier": 8,
    "category": 3,
    "unit": "24 pkgs. x 4 pieces",
    "price": "10.00"
  }
},
{
  "model": "demo.product",
  "pk": 22,
  "fields": {
    "product_name": "Gustaf's Knäckebröd",
    "supplier": 9,
    "category": 5,
    "unit": "24 - 500 g pkgs.",
    "price": "21.00"
  }
},
{
  "model": "demo.product",
  "pk": 23,
  "fields": {
    "product_name": "Tunnbröd",
    "supplier": 9,
    "category": 5,
    "unit": "12 - 250 g pkgs.",
    "price": "9.00"
  }
},
{
  "model": "demo.product",
  "pk": 24,
  "fields": {
    "product_name": "Guaraná Fantástica",
    "supplier": 10,
    "category": 1,
    "unit": "12 - 355 ml cans",
    "price": "4.50"
  }
},
{
  "model": "demo.product",
  "pk": 25,
  "fields": {
    "product_name": "NuNuCa Nuß-Nougat-Creme",
    "supplier": 11,
    "category": 3,
    "unit": "20 - 450 g glasses",
    "price": "14.00"
  }
},
{
  "model": "demo.product",
  "pk": 26,
  "fields": {
    "product_name": "Gumbär Gummibärchen",
    "supplier": 11,
    "category": 3,
    "unit": "100 - 250 g bags",
    "price": "31.23"
  }
},
{
  "model": "demo.product",
  "pk": 27,
  "fields": {
    "product_name": "Schoggi Schokolade",
    "supplier": 11,
    "category": 3,
    "unit": "100 - 100 g pieces",
    "price": "43.90"
  }
},
{
  "model": "demo.product",
  "pk": 28,
  "fields": {
    "product_name": "Rössle Sauerkraut",
    "supplier": 12,
    "category": 7,
    "unit": "25 - 825 g cans",
    "price": "45.60"
  }
},
{
  "model": "demo.product",
  "pk": 29,
  "fields": {
    "product_name": "Thüringer Rostbratwurst",
    "supplier": 12,
    "category": 6,
    "unit": "50 bags x 30 sausgs.",
    "price": "123.79"
  }
},
{
  "model": "demo.product",
  "pk": 30,
  "fields": {
    "product_name": "Nord-Ost Matjeshering",
    "supplier": 13,
    "category": 8,
    "unit": "10 - 200 g glasses",
    "price": "25.89"
  }
},
{
  "model": "demo.product",
  "pk": 31,
  "fields": {
    "product_name": "Gorgonzola Telino",
    "supplier": 14,
    "category": 4,
    "unit": "12 - 100 g pkgs",
    "price": "12.50"
  }
},
{
  "model": "demo.product",
  "pk": 32,
  "fields": {
    "product_name": "Mascarpone Fabioli",
    "supplier": 14,
    "category": 4,
    "unit": "24 - 200 g pkgs.",
    "price": "32.00"
  }
},
{
  "model": "demo.product",
  "pk": 33,
  "fields": {
    "product_name": "Geitost",
    "supplier": 15,
    "category": 4,
    "unit": "500 g",
    "price": "2.50"
  }
},
{
  "model": "demo.product",
  "pk": 34,
  "fields": {
    "product_name": "Sasquatch Ale",
    "supplier": 16,
    "category": 1,
    "unit": "24 - 12 oz bottles",
    "price": "14.00"
  }
},
{
  "model": "demo.product",
  "pk": 35,
  "fields": {
    "product_name": "Steeleye Stout",
    "supplier": 16,
    "category": 1,
    "unit": "24 - 12 oz bottles",
    "price": "18.00"
  }
},
{
  "model": "demo.product",
  "pk": 36,
  "fields": {
    "product_name": "Inlagd Sill",
    "supplier": 17,
    "category": 8,
    "unit": "24 - 250 g jars",
    "price": "19.00"
  }
},
{
  "model": "demo.product",
  "pk": 37,
  "fields": {
    "product_name": "Gravad lax",
    "supplier": 17,
    "category": 8,
    "unit": "12 - 500 g pkgs.",
    "price": "26.00"
  }
},
{
  "model": "demo.product",
  "pk": 38,
  "fields": {
    "product_name": "Côte de Blaye",
    "supplier": 18,
    "category": 1,
    "unit": "12 - 75 cl bottles",
    "price": "263.50"
  }
},
{
  "model": "demo.product",
  "pk": 39,
  "fields": {
    "product_name": "Chartreuse verte",
    "supplier": 18,
    "category": 1,
    "unit": "750 cc per bottle",
    "price": "18.00"
  }
},
{
  "model": "demo.product",
  "pk": 40,
  "fields": {
    "product_name": "Boston Crab Meat",
    "supplier": 19,
    "category": 8,
    "unit": "24 - 4 oz tins",
    "price": "18.40"
  }
},
{
  "model": "demo.product",
  "pk": 41,
  "fields": {
    "product_name": "Jack's New England Clam Chowder",
    "supplier": 19,
    "category": 8,
    "unit": "12 - 12 oz cans",
    "price": "9.65"
  }
},
{
  "model": "demo.product",
  "pk": 42,
  "fields": {
    "product_name": "Singaporean Hokkien Fried Mee",
    "supplier": 20,
    "category": 5,
    "unit": "32 - 1 kg pkgs.",
    "price": "14.00"
  }
},
{
  "model": "demo.product",
  "pk": 43,
  "fields": {
    "product_name": "Ipoh Coffee",
    "supplier": 20,
    "category": 1,
    "unit": "16 - 500 g tins",
    "price": "46.00"
  }
},
{
  "model": "demo.product",
  "pk": 44,
  "fields": {
    "product_name": "Gula Malacca",
    "supplier": 20,
    "category": 2,
    "unit": "20 - 2 kg bags",
    "price": "19.45"
  }
},
{
  "model": "demo.product",
  "pk": 45,
  "fields": {
    "product_name": "Røgede sild",
    "supplier": 21,
    "category": 8,
    "unit": "1k pkg.",
    "price": "9.50"
  }
},
{
  "model": "demo.product",
  "pk": 46,
  "fields": {
    "product_name": "Spegesild",
    "supplier": 21,
    "category": 8,
    "unit": "4 - 450 g glasses",
    "price": "12.00"
  }
},
{
  "model": "demo.product",
  "pk": 47,
  "fields": {
    "product_name": "Zaanse koeken",
    "supplier": 22,
    "category": 3,
    "unit": "10 - 4 oz boxes",
    "price": "9.50"
  }
},
{
  "model": "demo.product",
  "pk": 48,
  "fields": {
    "product_name": "Chocolade",
    "supplier": 22,
    "category": 3,
    "unit": "10 pkgs.",
    "price": "12.75"
  }
},
{
  "model": "demo.product",
  "pk": 49,
  "fields": {
    "product_name": "Maxilaku",
    "supplier": 23,
    "category": 3,
    "unit": "24 - 50 g pkgs.",
    "price": "20.00"
  }
},
{
  "model": "demo.product",
  "pk": 50,
  "fields": {
    "product_name": "Valkoinen suklaa",
    "supplier": 23,
    "category": 3,
    "unit": "12 - 100 g bars",
    "price": "16.25"
  }
},
{
  "model": "demo.product",
  "pk": 51,
  "fields": {
    "product_name": "Manjimup Dried Apples",
    "supplier": 24,
    "category": 7,
    "unit": "50 - 300 g pkgs.",
    "price": "53.00"
  }
},
{
  "model": "demo.product",
  "pk": 52,
  "fields": {
    "product_name": "Filo Mix",
    "supplier": 24,
    "category": 5,
    "unit": "16 - 2 kg boxes",
    "price": "7.00"
  }
},
{
  "model": "demo.product",
  "pk": 53,
  "fields": {
    "product_name": "Perth Pasties",
    "supplier": 24,
    "category": 6,
    "unit": "48 pieces",
    "price": "32.80"
  }
},
{
  "model": "demo.product",
  "pk": 54,
  "fields": {
    "product_name": "Tourtière",
    "supplier": 25,
    "category": 6,
    "unit": "16 pies",
    "price": "7.45"
  }
},
{
  "model": "demo.product",
  "pk": 55,
  "fields": {
    "product_name": "Pâté chinois",
    "supplier": 25,
    "category": 6,
    "unit": "24 boxes x 2 pies",
    "price": "24.00"
  }
},
{
  "model": "demo.product",
  "pk": 56,
  "fields": {
    "product_name": "Gnocchi di nonna Alice",
    "supplier": 26,
    "category": 5,
    "unit": "24 - 250 g pkgs.",
    "price": "38.00"
  }
},
{
  "model": "demo.product",
  "pk": 57,
  "fields": {
    "product_name": "Ravioli Angelo",
    "supplier": 26,
    "category": 5,
    "unit": "24 - 250 g pkgs.",
    "price": "19.50"
  }
},
{
  "model": "demo.product",
  "pk": 58,
  "fields": {
    "product_name": "Escargots de Bourgogne",
    "supplier": 27,
    "category": 8,
    "unit": "24 pieces",
    "price": "13.25"
  }
},
{
  "model": "demo.product",
  "pk": 59,
  "fields": {
    "product_name": "Raclette Courdavault",
    "supplier": 28,
    "category": 4,
    "unit": "5 kg pkg.",
    "price": "55.00"
  }
},
{
  "model": "demo.product",
  "pk": 60,
  "fields": {
    "product_name": "Camembert Pierrot",
    "supplier": 28,
    "category": 4,
    "unit": "15 - 300 g rounds",
    "price": "34.00"
  }
},
{
  "model": "demo.product",
  "pk": 61,
  "fields": {
    "product_name": "Sirop d'érable",
    "supplier": 29,
    "category": 2,
    "unit": "24 - 500 ml bottles",
    "price": "28.50"
  }
},
{
  "model": "demo.product",
  "pk": 62,
  "fields": {
    "product_name": "Tarte au sucre",
    "supplier": 29,
    "category": 3,
    "unit": "48 pies",
    "price": "49.30"
  }
},
{
  "model": "demo.product",
  "pk": 63,
  "fields": {
    "product_name": "Vegie-spread",
    "supplier": 7,
    "category": 2,
    "unit": "15 - 625 g jars",
    "price": "43.90"
  }
},
{
  "model": "demo.product",
  "pk": 64,
  "fields": {
    "product_name": "Wimmers gute Semmelknödel",
    "supplier": 12,
    "category": 5,
    "unit": "20 bags x 4 pieces",
    "price": "33.25"
  }
},
{
  "model": "demo.product",
  "pk": 65,
  "fields": {
    "product_name": "Louisiana Fiery Hot Pepper Sauce",
    "supplier": 2,
    "category": 2,
    "unit": "32 - 8 oz bottles",
    "price": "21.05"
  }
},
{
  "model": "demo.product",
  "pk": 66,
  "fields": {
    "product_name": "Louisiana Hot Spiced Okra",
    "supplier": 2,
    "category": 2,
    "unit": "24 - 8 oz jars",
    "price": "17.00"
  }
},
{
  "model": "demo.product",
  "pk": 67,
  "fields": {
    "product_name": "Laughing Lumberjack Lager",
    "supplier": 16,
    "category": 1,
    "unit": "24 - 12 oz bottles",
    "price": "14.00"
  }
},
{
  "model": "demo.product",
  "pk": 68,
  "fields": {
    "product_name": "Scottish Longbreads",
    "supplier": 8,
    "category": 3,
    "unit": "10 boxes x 8 pieces",
    "price": "12.50"
  }
},
{
  "model": "demo.product",
  "pk": 69,
  "fields": {
    "product_name": "Gudbrandsdalsost",
    "supplier": 15,
    "category": 4,
    "unit": "10 kg pkg.",
    "price": "36.00"
  }
},
{
  "model": "demo.product",
  "pk": 70,
  "fields": {
    "product_name": "Outback Lager",
    "supplier": 7,
    "category": 1,
    "unit": "24 - 355 ml bottles",
    "price": "15.00"
  }
},
{
  "model": "demo.product",
  "pk": 71,
  "fields": {
    "product_name": "Fløtemysost",
    "supplier": 15,
    "category": 4,
    "unit": "10 - 500 g pkgs.",
    "price": "21.50"
  }
},
{
  "model": "demo.product",
  "pk": 72,
  "fields": {
    "product_name": "Mozzarella di Giovanni",
    "supplier": 14,
    "category": 4,
    "unit": "24 - 200 g pkgs.",
    "price": "34.80"
  }
},
{
  "model": "demo.product",
  "pk": 73,
  "fields": {
    "product_name": "Röd Kaviar",
    "supplier": 17,
    "category": 8,
    "unit": "24 - 150 g jars",
    "price": "15.00"
  }
},
{
  "model": "demo.product",
  "pk": 74,
  "fields": {
    "product_name": "Longlife Tofu",
    "supplier": 4,
    "category": 7,
    "unit": "5 kg pkg.",
    "price": "10.00"
  }
},
{
  "model": "demo.product",
  "pk": 75,
  "fields": {
    "product_name": "Rhönbräu Klosterbier",
    "supplier": 12,
    "category": 1,
    "unit": "24 - 0.5 l bottles",
    "price": "7.75"
  }
},
{
  "model": "demo.product",
  "pk": 76,
  "fields": {
    "product_name": "Lakkalikööri",
    "supplier": 23,
    "category": 1,
    "unit": "500 ml",
    "price": "18.00"
  }
},
{
  "model": "demo.product",
  "pk": 77,
  "fields": {
    "product_name": "Original Frankfurter grüne Soße",
    "supplier": 12,
    "category": 2,
    "unit": "12 boxes",
    "price": "13.00"
  }
},
{
  "model": "demo.shipper",
  "pk": 1,
  "fields": {
    "shipper_name": "Speedy Express",
    "phone": "(503) 555-9831"
  }
},
{
  "model": "demo.shipper",
  "pk": 2,
  "fields": {
    "shipper_name": "United Package",
    "phone": "(503) 555-3199"
  }
},
{
  "model": "demo.shipper",
  "pk": 3,
  "fields": {
    "shipper_name": "Federal Shipping",
    "phone": "(503) 555-9931"
  }
},
{
  "model": "demo.order",
  "pk": 10248,
  "fields": {
    "customer": 90,
    "employee": 5,
    "order_date": "1996-07-04",
    "shipper": 3
  }
},
{
  "model": "demo.order",
  "pk": 10249,
  "fields": {
    "customer": 81,
    "employee": 6,
    "order_date": "1996-07-05",
    "shipper": 1
  }
},
{
  "model": "demo.order",
  "pk": 10250,
  "fields": {
    "customer": 34,
    "employee": 4,
    "order_date": "1996-07-08",
    "shipper": 2
  }
},
{
  "model": "demo.order",
  "pk": 10251,
  "fields": {
    "customer": 84,
    "employee": 3,
    "order_date": "1996-07-08",
    "shipper": 1
  }
},
{
  "model": "demo.order",
  "pk": 10252,
  "fields": {
    "customer": 76,
    "employee": 4,
    "order_date": "1996-07-09",
    "shipper": 2
  }
},
{
  "model": "demo.order",
  "pk": 10253,
  "fields": {
    "customer": 34,
    "employee": 3,
    "order_date": "1996-07-10",
    "shipper": 2
  }
},
{
  "model": "demo.order",
  "pk": 10254,
  "fields": {
    "customer": 14,
    "employee": 5,
    "order_date": "1996-07-11",
    "shipper": 2
  }
},
{
  "model": "demo.order",
  "pk": 10255,
  "fields": {
    "customer": 68,
    "employee": 9,
    "order_date": "1996-07-12",
    "shipper": 3
  }
},
{
  "model": "demo.order",
  "pk": 10256,
  "fields": {
    "customer": 88,
    "employee": 3,
    "order_date": "1996-07-15",
    "shipper": 2
  }
},
{
  "model": "demo.order",
  "pk": 10257,
  "fields": {
    "customer": 35,
    "employee": 4,
    "order_date": "1996-07-16",
    "shipper": 3
  }
},
{
  "model": "demo.order",
  "pk": 10258,
  "fields": {
    "customer": 20,
    "employee": 1,
    "order_date": "1996-07-17",
    "shipper": 1
  }
},
{
  "model": "demo.order",
  "pk": 10259,
  "fields": {
    "customer": 13,
    "employee": 4,
    "order_date": "1996-07-18",
    "shipper": 3
  }
},
{
  "model": "demo.order",
  "pk": 10260,
  "fields": {
    "customer": 55,
    "employee": 4,
    "order_date": "1996-07-19",
    "shipper": 1
  }
},
{
  "model": "demo.order",
  "pk": 10261,
  "fields": {
    "customer": 61,
    "employee": 4,
    "order_date": "1996-07-19",
    "shipper": 2
  }
},
{
  "model": "demo.order",
  "pk": 10262,
  "fields": {
    "customer": 65,
    "employee": 8,
    "order_date": "1996-07-22",
    "shipper": 3
  }
},
{
  "model": "demo.order",
  "pk": 10263,
  "fields": {
    "customer": 20,
    "employee": 9,
    "order_date": "1996-07-23",
    "shipper": 3
  }
},
{
  "model": "demo.order",
  "pk": 10264,
  "fields": {
    "customer": 24,
    "employee": 6,
    "order_date": "1996-07-24",
    "shipper": 3
  }
},
{
  "model": "demo.order",
  "pk": 10265,
  "fields": {
    "customer": 7,
    "employee": 2,
    "order_date": "1996-07-25",
    "shipper": 1
  }
},
{
  "model": "demo.order",
  "pk": 10266,
  "fields": {
    "customer": 87,
    "employee": 3,
    "order_date": "1996-07-26",
    "shipper": 3
  }
},
{
  "model": "demo.order",
  "pk": 10267,
  "fields": {
    "customer": 25,
    "employee": 4,
    "order_date": "1996-07-29",
    "shipper": 1
  }
},
{
  "model": "demo.order",
  "pk": 10268,
  "fields": {
    "customer": 33,
    "employee": 8,
    "order_date": "1996-07-30",
    "shipper": 3
  }
},
{
  "model": "demo.order",
  "pk": 10269,
  "fields": {
    "customer": 89,
    "employee": 5,
    "order_date": "1996-07-31",
    "shipper": 1
  }
},
{
  "model": "demo.order",
  "pk": 10270,
  "fields": {
    "customer": 87,
    "employee": 1,
    "order_date": "1996-08-01",
    "shipper": 1
  }
},
{
  "model": "demo.order",
  "pk": 10271,
  "fields": {
    "customer": 75,
    "employee": 6,
    "order_date": "1996-08-01",
    "shipper": 2
  }
},
{
  "model": "demo.order",
  "pk": 10272,
  "fields": {
    "customer": 65,
    "employee": 6,
    "order_date": "1996-08-02",
    "shipper": 2
  }
},
{
  "model": "demo.order",
  "pk": 10273,
  "fields": {
    "customer": 63,
    "employee": 3,
    "order_date": "1996-08-05",
    "shipper": 3
  }
},
{
  "model": "demo.order",
  "pk": 10274,
  "fields": {
    "customer": 85,
    "employee": 6,
    "order_date": "1996-08-06",
    "shipper": 1
  }
},
{
  "model": "demo.order",
  "pk": 10275,
  "fields": {
    "customer": 49,
    "employee": 1,
    "order_date": "1996-08-07",
    "shipper": 1
  }
},
{
  "model": "demo.order",
  "pk": 10276,
  "fields": {
    "customer": 80,
    "employee": 8,
    "order_date": "1996-08-08",
    "shipper": 3
  }
},
{
  "model": "demo.order",
  "pk": 10277,
  "fields": {
    "customer": 52,
    "employee": 2,
    "order_date": "1996-08-09",
    "shipper": 3
  }
},
{
  "model": "demo.order",
  "pk": 10278,
  "fields": {
    "customer": 5,
    "employee": 8,
    "order_date": "1996-08-12",
    "shipper": 2
  }
},
{
  "model": "demo.order",
  "pk": 10279,
  "fields": {
    "customer": 44,
    "employee": 8,
    "order_date": "1996-08-13",
    "shipper": 2
  }
},
{
  "model": "demo.order",
  "pk": 10280,
  "fields": {
    "customer": 5,
    "employee": 2,
    "order_date": "1996-08-14",
    "shipper": 1
  }
},
{
  "model": "demo.order",
  "pk": 10281,
  "fields": {
    "customer": 69,
    "employee": 4,
    "order_date": "1996-08-14",
    "shipper": 1
  }
},
{
  "model": "demo.order",
  "pk": 10282,
  "fields": {
    "customer": 69,
    "employee": 4,
    "order_date": "1996-08-15",
    "shipper": 1
  }
},
{
  "model": "demo.order",
  "pk": 10283,
  "fields": {
    "customer": 46,
    "employee": 3,
    "order_date": "1996-08-16",
    "shipper": 3
  }
},
{
  "model": "demo.order",
  "pk": 10284,
  "fields": {
    "customer": 44,
    "employee": 4,
    "order_date": "1996-08-19",
    "shipper": 1
  }
},
{
  "model": "demo.order",
  "pk": 10285,
  "fields": {
    "customer": 63,
    "employee": 1,
    "order_date": "1996-08-20",
    "shipper": 2
  }
},
{
  "model": "demo.order",
  "pk": 10286,
  "fields": {
    "customer": 63,
    "employee": 8,
    "order_date": "1996-08-21",
    "shipper": 3
  }
},
{
  "model": "demo.order",
  "pk": 10287,
  "fields": {
    "customer": 67,
    "employee": 8,
    "order_date": "1996-08-22",
    "shipper": 3
  }
},
{
  "model": "demo.order",
  "pk": 10288,
  "fields": {
    "customer": 66,
    "employee": 4,
    "order_date": "1996-08-23",
    "shipper": 1
  }
},
{
  "model": "demo.order",
  "pk": 10289,
  "fields": {
    "customer": 11,
    "employee": 7,
    "order_date": "1996-08-26",
    "shipper": 3
  }
},
{
  "model": "demo.order",
  "pk": 10290,
  "fields": {
    "customer": 15,
    "employee": 8,
    "order_date": "1996-08-27",
    "shipper": 1
  }
},
{
  "model": "demo.order",
  "pk": 10291,
  "fields": {
    "customer": 61,
    "employee": 6,
    "order_date": "1996-08-27",
    "shipper": 2
  }
},
{
  "model": "demo.order",
  "pk": 10292,
  "fields": {
    "customer": 81,
    "employee": 1,
    "order_date": "1996-08-28",
    "shipper": 2
  }
},
{
  "model": "demo.order",
  "pk": 10293,
  "fields": {
    "customer": 80,
    "employee": 1,
    "order_date": "1996-08-29",
    "shipper": 3
  }
},
{
  "model": "demo.order",
  "pk": 10294,
  "fields": {
    "customer": 65,
    "employee": 4,
    "order_date": "1996-08-30",
    "shipper": 2
  }
},
{
  "model": "demo.order",
  "pk": 10295,
  "fields": {
    "customer": 85,
    "employee": 2,
    "order_date": "1996-09-02",
    "shipper": 2
  }
},
{
  "model": "demo.order",
  "pk": 10296,
  "fields": {
    "customer": 46,
    "employee": 6,
    "order_date": "1996-09-03",
    "shipper": 1
  }
},
{
  "model": "demo.order",
  "pk": 10297,
  "fields": {
    "customer": 7,
    "employee": 5,
    "order_date": "1996-09-04",
    "shipper": 2
  }
},
{
  "model": "demo.order",
  "pk": 10298,
  "fields": {
    "customer": 37,
    "employee": 6,
    "order_date": "1996-09-05",
    "shipper": 2
  }
},
{
  "model": "demo.order",
  "pk": 10299,
  "fields": {
    "customer": 67,
    "employee": 4,
    "order_date": "1996-09-06",
    "shipper": 2
  }
},
{
  "model": "demo.order",
  "pk": 10300,
  "fields": {
    "customer": 49,
    "employee": 2,
    "order_date": "1996-09-09",
    "shipper": 2
  }
},
{
  "model": "demo.order",
  "pk": 10301,
  "fields": {
    "customer": 86,
    "employee": 8,
    "order_date": "1996-09-09",
    "shipper": 2
  }
},
{
  "model": "demo.order",
  "pk": 10302,
  "fields": {
    "customer": 76,
    "employee": 4,
    "order_date": "1996-09-10",
    "shipper": 2
  }
},
{
  "model": "demo.order",
  "pk": 10303,
  "fields": {
    "customer": 30,
    "employee": 7,
    "order_date": "1996-09-11",
    "shipper": 2
  }
},
{
  "model": "demo.order",
  "pk": 10304,
  "fields": {
    "customer": 80,
    "employee": 1,
    "order_date": "1996-09-12",
    "shipper": 2
  }
},
{
  "model": "demo.order",
  "pk": 10305,
  "fields": {
    "customer": 55,
    "employee": 8,
    "order_date": "1996-09-13",
    "shipper": 3
  }
},
{
  "model": "demo.order",
  "pk": 10306,
  "fields": {
    "customer": 69,
    "employee": 1,
    "order_date": "1996-09-16",
    "shipper": 3
  }
},
{
  "model": "demo.order",
  "pk": 10307,
  "fields": {
    "customer": 48,
    "employee": 2,
    "order_date": "1996-09-17",
    "shipper": 2
  }
},
{
  "model": "demo.order",
  "pk": 10308,
  "fields": {
    "customer": 2,
    "employee": 7,
    "order_date": "1996-09-18",
    "shipper": 3
  }
},
{
  "model": "demo.order",
  "pk": 10309,
  "fields": {
    "customer": 37,
    "employee": 3,
    "order_date": "1996-09-19",
    "shipper": 1
  }
},
{
  "model": "demo.order",
  "pk": 10310,
  "fields": {
    "customer": 77,
    "employee": 8,
    "order_date": "1996-09-20",
    "shipper": 2
  }
},
{
  "model": "demo.order",
  "pk": 10311,
  "fields": {
    "customer": 18,
    "employee": 1,
    "order_date": "1996-09-20",
    "shipper": 3
  }
},
{
  "model": "demo.order",
  "pk": 10312,
  "fields": {
    "customer": 86,
    "employee": 2,
    "order_date": "1996-09-23",
    "shipper": 2
  }
},
{
  "model": "demo.order",
  "pk": 10313,
  "fields": {
    "customer": 63,
    "employee": 2,
    "order_date": "1996-09-24",
    "shipper": 2
  }
},
{
  "model": "demo.order",
  "pk": 10314,
  "fields": {
    "customer": 65,
    "employee": 1,
    "order_date": "1996-09-25",
    "shipper": 2
  }
},
{
  "model": "demo.order",
  "pk": 10315,
  "fields": {
    "customer": 38,
    "employee": 4,
    "order_date": "1996-09-26",
    "shipper": 2
  }
},
{
  "model": "demo.order",
  "pk": 10316,
  "fields": {
    "customer": 65,
    "employee": 1,
    "order_date": "1996-09-27",
    "shipper": 3
  }
},
{
  "model": "demo.order",
  "pk": 10317,
  "fields": {
    "customer": 48,
    "employee": 6,
    "order_date": "1996-09-30",
    "shipper": 1
  }
},
{
  "model": "demo.order",
  "pk": 10318,
  "fields": {
    "customer": 38,
    "employee": 8,
    "order_date": "1996-10-01",
    "shipper": 2
  }
},
{
  "model": "demo.order",
  "pk": 10319,
  "fields": {
    "customer": 80,
    "employee": 7,
    "order_date": "1996-10-02",
    "shipper": 3
  }
},
{
  "model": "demo.order",
  "pk": 10320,
  "fields": {
    "customer": 87,
    "employee": 5,
    "order_date": "1996-10-03",
    "shipper": 3
  }
},
{
  "model": "demo.order",
  "pk": 10321,
  "fields": {
    "customer": 38,
    "employee": 3,
    "order_date": "1996-10-03",
    "shipper": 2
  }
},
{
  "model": "demo.order",
  "pk": 10322,
  "fields": {
    "customer": 58,
    "employee": 7,
    "order_date": "1996-10-04",
    "shipper": 3
  }
},
{
  "model": "demo.order",
  "pk": 10323,
  "fields": {
    "customer": 39,
    "employee": 4,
    "order_date": "1996-10-07",
    "shipper": 1
  }
},
{
  "model": "demo.order",
  "pk": 10324,
  "fields": {
    "customer": 71,
    "employee": 9,
    "order_date": "1996-10-08",
    "shipper": 1
  }
},
{
  "model": "demo.order",
  "pk": 10325,
  "fields": {
    "customer": 39,
    "employee": 1,
    "order_date": "1996-10-09",
    "shipper": 3
  }
},
{
  "model": "demo.order",
  "pk": 10326,
  "fields": {
    "customer": 8,
    "employee": 4,
    "order_date": "1996-10-10",
    "shipper": 2
  }
},
{
  "model": "demo.order",
  "pk": 10327,
  "fields": {
    "customer": 24,
    "employee": 2,
    "order_date": "1996-10-11",
    "shipper": 1
  }
},
{
  "model": "demo.order",
  "pk": 10328,
  "fields": {
    "customer": 28,
    "employee": 4,
    "order_date": "1996-10-14",
    "shipper": 3
  }
},
{
  "model": "demo.order",
  "pk": 10329,
  "fields": {
    "customer": 75,
    "employee": 4,
    "order_date": "1996-10-15",
    "shipper": 2
  }
},
{
  "model": "demo.order",
  "pk": 10330,
  "fields": {
    "customer": 46,
    "employee": 3,
    "order_date": "1996-10-16",
    "shipper": 1
  }
},
{
  "model": "demo.order",
  "pk": 10331,
  "fields": {
    "customer": 9,
    "employee": 9,
    "order_date": "1996-10-16",
    "shipper": 1
  }
},
{
  "model": "demo.order",
  "pk": 10332,
  "fields": {
    "customer": 51,
    "employee": 3,
    "order_date": "1996-10-17",
    "shipper": 2
  }
},
{
  "model": "demo.order",
  "pk": 10333,
  "fields": {
    "customer": 87,
    "employee": 5,
    "order_date": "1996-10-18",
    "shipper": 3
  }
},
{
  "model": "demo.order",
  "pk": 10334,
  "fields": {
    "customer": 84,
    "employee": 8,
    "order_date": "1996-10-21",
    "shipper": 2
  }
},
{
  "model": "demo.order",
  "pk": 10335,
  "fields": {
    "customer": 37,
    "employee": 7,
    "order_date": "1996-10-22",
    "shipper": 2
  }
},
{
  "model": "demo.order",
  "pk": 10336,
  "fields": {
    "customer": 60,
    "employee": 7,
    "order_date": "1996-10-23",
    "shipper": 2
  }
},
{
  "model": "demo.order",
  "pk": 10337,
  "fields": {
    "customer": 25,
    "employee": 4,
    "order_date": "1996-10-24",
    "shipper": 3
  }
},
{
  "model": "demo.order",
  "pk": 10338,
  "fields": {
    "customer": 55,
    "employee": 4,
    "order_date": "1996-10-25",
    "shipper": 3
  }
},
{
  "model": "demo.order",
  "pk": 10339,
  "fields": {
    "customer": 51,
    "employee": 2,
    "order_date": "1996-10-28",
    "shipper": 2
  }
},
{
  "model": "demo.order",
  "pk": 10340,
  "fields": {
    "customer": 9,
    "employee": 1,
    "order_date": "1996-10-29",
    "shipper": 3
  }
},
{
  "model": "demo.order",
  "pk": 10341,
  "fields": {
    "customer": 73,
    "employee": 7,
    "order_date": "1996-10-29",
    "shipper": 3
  }
},
{
  "model": "demo.order",
  "pk": 10342,
  "fields": {
    "customer": 25,
    "employee": 4,
    "order_date": "1996-10-30",
    "shipper": 2
  }
},
{
  "model": "demo.order",
  "pk": 10343,
  "fields": {
    "customer": 44,
    "employee": 4,
    "order_date": "1996-10-31",
    "shipper": 1
  }
},
{
  "model": "demo.order",
  "pk": 10344,
  "fields": {
    "customer": 89,
    "employee": 4,
    "order_date": "1996-11-01",
    "shipper": 2
  }
},
{
  "model": "demo.order",
  "pk": 10345,
  "fields": {
    "customer": 63,
    "employee": 2,
    "order_date": "1996-11-04",
    "shipper": 2
  }
},
{
  "model": "demo.order",
  "pk": 10346,
  "fields": {
    "customer": 65,
    "employee": 3,
    "order_date": "1996-11-05",
    "shipper": 3
  }
},
{
  "model": "demo.order",
  "pk": 10347,
  "fields": {
    "customer": 21,
    "employee": 4,
    "order_date": "1996-11-06",
    "shipper": 3
  }
},
{
  "model": "demo.order",
  "pk": 10348,
  "fields": {
    "customer": 86,
    "employee": 4,
    "order_date": "1996-11-07",
    "shipper": 2
  }
},
{
  "model": "demo.order",
  "pk": 10349,
  "fields": {
    "customer": 75,
    "employee": 7,
    "order_date": "1996-11-08",
    "shipper": 1
  }
},
{
  "model": "demo.order",
  "pk": 10350,
  "fields": {
    "customer": 41,
    "employee": 6,
    "order_date": "1996-11-11",
    "shipper": 2
  }
},
{
  "model": "demo.order",
  "pk": 10351,
  "fields": {
    "customer": 20,
    "employee": 1,
    "order_date": "1996-11-11",
    "shipper": 1
  }
},
{
  "model": "demo.order",
  "pk": 10352,
  "fields": {
    "customer": 28,
    "employee": 3,
    "order_date": "1996-11-12",
    "shipper": 3
  }
},
{
  "model": "demo.order",
  "pk": 10353,
  "fields": {
    "customer": 59,
    "employee": 7,
    "order_date": "1996-11-13",
    "shipper": 3
  }
},
{
  "model": "demo.order",
  "pk": 10354,
  "fields": {
    "customer": 58,
    "employee": 8,
    "order_date": "1996-11-14",
    "shipper": 3
  }
},
{
  "model": "demo.order",
  "pk": 10355,
  "fields": {
    "customer": 4,
    "employee": 6,
    "order_date": "1996-11-15",
    "shipper": 1
  }
},
{
  "model": "demo.order",
  "pk": 10356,
  "fields": {
    "customer": 86,
    "employee": 6,
    "order_date": "1996-11-18",
    "shipper": 2
  }
},
{
  "model": "demo.order",
  "pk": 10357,
  "fields": {
    "customer": 46,
    "employee": 1,
    "order_date": "1996-11-19",
    "shipper": 3
  }
},
{
  "model": "demo.order",
  "pk": 10358,
  "fields": {
    "customer": 41,
    "employee": 5,
    "order_date": "1996-11-20",
    "shipper": 1
  }
},
{
  "model": "demo.order",
  "pk": 10359,
  "fields": {
    "customer": 72,
    "employee": 5,
    "order_date": "1996-11-21",
    "shipper": 3
  }
},
{
  "model": "demo.order",
  "pk": 10360,
  "fields": {
    "customer": 7,
    "employee": 4,
    "order_date": "1996-11-22",
    "shipper": 3
  }
},
{
  "model": "demo.order",
  "pk": 10361,
  "fields": {
    "customer": 63,
    "employee": 1,
    "order_date": "1996-11-22",
    "shipper": 2
  }
},
{
  "model": "demo.order",
  "pk": 10362,
  "fields": {
    "customer": 9,
    "employee": 3,
    "order_date": "1996-11-25",
    "shipper": 1
  }
},
{
  "model": "demo.order",
  "pk": 10363,
  "fields": {
    "customer": 17,
    "employee": 4,
    "order_date": "1996-11-26",
    "shipper": 3
  }
},
{
  "model": "demo.order",
  "pk": 10364,
  "fields": {
    "customer": 19,
    "employee": 1,
    "order_date": "1996-11-26",
    "shipper": 1
  }
},
{
  "model": "demo.order",
  "pk": 10365,
  "fields": {
    "customer": 3,
    "employee": 3,
    "order_date": "1996-11-27",
    "shipper": 2
  }
},
{
  "model": "demo.order",
  "pk": 10366,
  "fields": {
    "customer": 29,
    "employee": 8,
    "order_date": "1996-11-28",
    "shipper": 2
  }
},
{
  "model": "demo.order",
  "pk": 10367,
  "fields": {
    "customer": 83,
    "employee": 7,
    "order_date": "1996-11-28",
    "shipper": 3
  }
},
{
  "model": "demo.order",
  "pk": 10368,
  "fields": {
    "customer": 20,
    "employee": 2,
    "order_date": "1996-11-29",
    "shipper": 2
  }
},
{
  "model": "demo.order",
  "pk": 10369,
  "fields": {
    "customer": 75,
    "employee": 8,
    "order_date": "1996-12-02",
    "shipper": 2
  }
},
{
  "model": "demo.order",
  "pk": 10370,
  "fields": {
    "customer": 14,
    "employee": 6,
    "order_date": "1996-12-03",
    "shipper": 2
  }
},
{
  "model": "demo.order",
  "pk": 10371,
  "fields": {
    "customer": 41,
    "employee": 1,
    "order_date": "1996-12-03",
    "shipper": 1
  }
},
{
  "model": "demo.order",
  "pk": 10372,
  "fields": {
    "customer": 62,
    "employee": 5,
    "order_date": "1996-12-04",
    "shipper": 2
  }
},
{
  "model": "demo.order",
  "pk": 10373,
  "fields": {
    "customer": 37,
    "employee": 4,
    "order_date": "1996-12-05",
    "shipper": 3
  }
},
{
  "model": "demo.order",
  "pk": 10374,
  "fields": {
    "customer": 91,
    "employee": 1,
    "order_date": "1996-12-05",
    "shipper": 3
  }
},
{
  "model": "demo.order",
  "pk": 10375,
  "fields": {
    "customer": 36,
    "employee": 3,
    "order_date": "1996-12-06",
    "shipper": 2
  }
},
{
  "model": "demo.order",
  "pk": 10376,
  "fields": {
    "customer": 51,
    "employee": 1,
    "order_date": "1996-12-09",
    "shipper": 2
  }
},
{
  "model": "demo.order",
  "pk": 10377,
  "fields": {
    "customer": 72,
    "employee": 1,
    "order_date": "1996-12-09",
    "shipper": 3
  }
},
{
  "model": "demo.order",
  "pk": 10378,
  "fields": {
    "customer": 24,
    "employee": 5,
    "order_date": "1996-12-10",
    "shipper": 3
  }
},
{
  "model": "demo.order",
  "pk": 10379,
  "fields": {
    "customer": 61,
    "employee": 2,
    "order_date": "1996-12-11",
    "shipper": 1
  }
},
{
  "model": "demo.order",
  "pk": 10380,
  "fields": {
    "customer": 37,
    "employee": 8,
    "order_date": "1996-12-12",
    "shipper": 3
  }
},
{
  "model": "demo.order",
  "pk": 10381,
  "fields": {
    "customer": 46,
    "employee": 3,
    "order_date": "1996-12-12",
    "shipper": 3
  }
},
{
  "model": "demo.order",
  "pk": 10382,
  "fields": {
    "customer": 20,
    "employee": 4,
    "order_date": "1996-12-13",
    "shipper": 1
  }
},
{
  "model": "demo.order",
  "pk": 10383,
  "fields": {
    "customer": 4,
    "employee": 8,
    "order_date": "1996-12-16",
    "shipper": 3
  }
},
{
  "model": "demo.order",
  "pk": 10384,
  "fields": {
    "customer": 5,
    "employee": 3,
    "order_date": "1996-12-16",
    "shipper": 3
  }
},
{
  "model": "demo.order",
  "pk": 10385,
  "fields": {
    "customer": 75,
    "employee": 1,
    "order_date": "1996-12-17",
    "shipper": 2
  }
},
{
  "model": "demo.order",
  "pk": 10386,
  "fields": {
    "customer": 21,
    "employee": 9,
    "order_date": "1996-12-18",
    "shipper": 3
  }
},
{
  "model": "demo.order",
  "pk": 10387,
  "fields": {
    "customer": 70,
    "employee": 1,
    "order_date": "1996-12-18",
    "shipper": 2
  }
},
{
  "model": "demo.order",
  "pk": 10388,
  "fields": {
    "customer": 72,
    "employee": 2,
    "order_date": "1996-12-19",
    "shipper": 1
  }
},
{
  "model": "demo.order",
  "pk": 10389,
  "fields": {
    "customer": 10,
    "employee": 4,
    "order_date": "1996-12-20",
    "shipper": 2
  }
},
{
  "model": "demo.order",
  "pk": 10390,
  "fields": {
    "customer": 20,
    "employee": 6,
    "order_date": "1996-12-23",
    "shipper": 1
  }
},
{
  "model": "demo.order",
  "pk": 10391,
  "fields": {
    "customer": 17,
    "employee": 3,
    "order_date": "1996-12-23",
    "shipper": 3
  }
},
{
  "model": "demo.order",
  "pk": 10392,
  "fields": {
    "customer": 59,
    "employee": 2,
    "order_date": "1996-12-24",
    "shipper": 3
  }
},
{
  "model": "demo.order",
  "pk": 10393,
  "fields": {
    "customer": 71,
    "employee": 1,
    "order_date": "1996-12-25",
    "shipper": 3
  }
},
{
  "model": "demo.order",
  "pk": 10394,
  "fields": {
    "customer": 36,
    "employee": 1,
    "order_date": "1996-12-25",
    "shipper": 3
  }
},
{
  "model": "demo.order",
  "pk": 10395,
  "fields": {
    "customer": 35,
    "employee": 6,
    "order_date": "1996-12-26",
    "shipper": 1
  }
},
{
  "model": "demo.order",
  "pk": 10396,
  "fields": {
    "customer": 25,
    "employee": 1,
    "order_date": "1996-12-27",
    "shipper": 3
  }
},
{
  "model": "demo.order",
  "pk": 10397,
  "fields": {
    "customer": 60,
    "employee": 5,
    "order_date": "1996-12-27",
    "shipper": 1
  }
},
{
  "model": "demo.order",
  "pk": 10398,
  "fields": {
    "customer": 71,
    "employee": 2,
    "order_date": "1996-12-30",
    "shipper": 3
  }
},
{
  "model": "demo.order",
  "pk": 10399,
  "fields": {
    "customer": 83,
    "employee": 8,
    "order_date": "1996-12-31",
    "shipper": 3
  }
},
{
  "model": "demo.order",
  "pk": 10400,
  "fields": {
    "customer": 19,
    "employee": 1,
    "order_date": "1997-01-01",
    "shipper": 3
  }
},
{
  "model": "demo.order",
  "pk": 10401,
  "fields": {
    "customer": 65,
    "employee": 1,
    "order_date": "1997-01-01",
    "shipper": 1
  }
},
{
  "model": "demo.order",
  "pk": 10402,
  "fields": {
    "customer": 20,
    "employee": 8,
    "order_date": "1997-01-02",
    "shipper": 2
  }
},
{
  "model": "demo.order",
  "pk": 10403,
  "fields": {
    "customer": 20,
    "employee": 4,
    "order_date": "1997-01-03",
    "shipper": 3
  }
},
{
  "model": "demo.order",
  "pk": 10404,
  "fields": {
    "customer": 49,
    "employee": 2,
    "order_date": "1997-01-03",
    "shipper": 1
  }
},
{
  "model": "demo.order",
  "pk": 10405,
  "fields": {
    "customer": 47,
    "employee": 1,
    "order_date": "1997-01-06",
    "shipper": 1
  }
},
{
  "model": "demo.order",
  "pk": 10406,
  "fields": {
    "customer": 62,
    "employee": 7,
    "order_date": "1997-01-07",
    "shipper": 1
  }
},
{
  "model": "demo.order",
  "pk": 10407,
  "fields": {
    "customer": 56,
    "employee": 2,
    "order_date": "1997-01-07",
    "shipper": 2
  }
},
{
  "model": "demo.order",
  "pk": 10408,
  "fields": {
    "customer": 23,
    "employee": 8,
    "order_date": "1997-01-08",
    "shipper": 1
  }
},
{
  "model": "demo.order",
  "pk": 10409,
  "fields": {
    "customer": 54,
    "employee": 3,
    "order_date": "1997-01-09",
    "shipper": 1
  }
},
{
  "model": "demo.order",
  "pk": 10410,
  "fields": {
    "customer": 10,
    "employee": 3,
    "order_date": "1997-01-10",
    "shipper": 3
  }
},
{
  "model": "demo.order",
  "pk": 10411,
  "fields": {
    "customer": 10,
    "employee": 9,
    "order_date": "1997-01-10",
    "shipper": 3
  }
},
{
  "model": "demo.order",
  "pk": 10412,
  "fields": {
    "customer": 87,
    "employee": 8,
    "order_date": "1997-01-13",
    "shipper": 2
  }
},
{
  "model": "demo.order",
  "pk": 10413,
  "fields": {
    "customer": 41,
    "employee": 3,
    "order_date": "1997-01-14",
    "shipper": 2
  }
},
{
  "model": "demo.order",
  "pk": 10414,
  "fields": {
    "customer": 21,
    "employee": 2,
    "order_date": "1997-01-14",
    "shipper": 3
  }
},
{
  "model": "demo.order",
  "pk": 10415,
  "fields": {
    "customer": 36,
    "employee": 3,
    "order_date": "1997-01-15",
    "shipper": 1
  }
},
{
  "model": "demo.order",
  "pk": 10416,
  "fields": {
    "customer": 87,
    "employee": 8,
    "order_date": "1997-01-16",
    "shipper": 3
  }
},
{
  "model": "demo.order",
  "pk": 10417,
  "fields": {
    "customer": 73,
    "employee": 4,
    "order_date": "1997-01-16",
    "shipper": 3
  }
},
{
  "model": "demo.order",
  "pk": 10418,
  "fields": {
    "customer": 63,
    "employee": 4,
    "order_date": "1997-01-17",
    "shipper": 1
  }
},
{
  "model": "demo.order",
  "pk": 10419,
  "fields": {
    "customer": 68,
    "employee": 4,
    "order_date": "1997-01-20",
    "shipper": 2
  }
},
{
  "model": "demo.order",
  "pk": 10420,
  "fields": {
    "customer": 88,
    "employee": 3,
    "order_date": "1997-01-21",
    "shipper": 1
  }
},
{
  "model": "demo.order",
  "pk": 10421,
  "fields": {
    "customer": 61,
    "employee": 8,
    "order_date": "1997-01-21",
    "shipper": 1
  }
},
{
  "model": "demo.order",
  "pk": 10422,
  "fields": {
    "customer": 27,
    "employee": 2,
    "order_date": "1997-01-22",
    "shipper": 1
  }
},
{
  "model": "demo.order",
  "pk": 10423,
  "fields": {
    "customer": 31,
    "employee": 6,
    "order_date": "1997-01-23",
    "shipper": 3
  }
},
{
  "model": "demo.order",
  "pk": 10424,
  "fields": {
    "customer": 51,
    "employee": 7,
    "order_date": "1997-01-23",
    "shipper": 2
  }
},
{
  "model": "demo.order",
  "pk": 10425,
  "fields": {
    "customer": 41,
    "employee": 6,
    "order_date": "1997-01-24",
    "shipper": 2
  }
},
{
  "model": "demo.order",
  "pk": 10426,
  "fields": {
    "customer": 29,
    "employee": 4,
    "order_date": "1997-01-27",
    "shipper": 1
  }
},
{
  "model": "demo.order",
  "pk": 10427,
  "fields": {
    "customer": 59,
    "employee": 4,
    "order_date": "1997-01-27",
    "shipper": 2
  }
},
{
  "model": "demo.order",
  "pk": 10428,
  "fields": {
    "customer": 66,
    "employee": 7,
    "order_date": "1997-01-28",
    "shipper": 1
  }
},
{
  "model": "demo.order",
  "pk": 10429,
  "fields": {
    "customer": 37,
    "employee": 3,
    "order_date": "1997-01-29",
    "shipper": 2
  }
},
{
  "model": "demo.order",
  "pk": 10430,
  "fields": {
    "customer": 20,
    "employee": 4,
    "order_date": "1997-01-30",
    "shipper": 1
  }
},
{
  "model": "demo.order",
  "pk": 10431,
  "fields": {
    "customer": 10,
    "employee": 4,
    "order_date": "1997-01-30",
    "shipper": 2
  }
},
{
  "model": "demo.order",
  "pk": 10432,
  "fields": {
    "customer": 75,
    "employee": 3,
    "order_date": "1997-01-31",
    "shipper": 2
  }
},
{
  "model": "demo.order",
  "pk": 10433,
  "fields": {
    "customer": 60,
    "employee": 3,
    "order_date": "1997-02-03",
    "shipper": 3
  }
},
{
  "model": "demo.order",
  "pk": 10434,
  "fields": {
    "customer": 24,
    "employee": 3,
    "order_date": "1997-02-03",
    "shipper": 2
  }
},
{
  "model": "demo.order",
  "pk": 10435,
  "fields": {
    "customer": 16,
    "employee": 8,
    "order_date": "1997-02-04",
    "shipper": 2
  }
},
{
  "model": "demo.order",
  "pk": 10436,
  "fields": {
    "customer": 7,
    "employee": 3,
    "order_date": "1997-02-05",
    "shipper": 2
  }
},
{
  "model": "demo.order",
  "pk": 10437,
  "fields": {
    "customer": 87,
    "employee": 8,
    "order_date": "1997-02-05",
    "shipper": 1
  }
},
{
  "model": "demo.order",
  "pk": 10438,
  "fields": {
    "customer": 79,
    "employee": 3,
    "order_date": "1997-02-06",
    "shipper": 2
  }
},
{
  "model": "demo.order",
  "pk": 10439,
  "fields": {
    "customer": 51,
    "employee": 6,
    "order_date": "1997-02-07",
    "shipper": 3
  }
},
{
  "model": "demo.order",
  "pk": 10440,
  "fields": {
    "customer": 71,
    "employee": 4,
    "order_date": "1997-02-10",
    "shipper": 2
  }
},
{
  "model": "demo.order",
  "pk": 10441,
  "fields": {
    "customer": 55,
    "employee": 3,
    "order_date": "1997-02-10",
    "shipper": 2
  }
},
{
  "model": "demo.order",
  "pk": 10442,
  "fields": {
    "customer": 20,
    "employee": 3,
    "order_date": "1997-02-11",
    "shipper": 2
  }
},
{
  "model": "demo.order",
  "pk": 10443,
  "fields": {
    "customer": 66,
    "employee": 8,
    "order_date": "1997-02-12",
    "shipper": 1
  }
},
{
  "model": "demo.orderdetail",
  "pk": 1,
  "fields": {
    "order": 10248,
    "product": 11,
    "quantity": 12
  }
},
{
  "model": "demo.orderdetail",
  "pk": 2,
  "fields": {
    "order": 10248,
    "product": 42,
    "quantity": 10
  }
},
{
  "model": "demo.orderdetail",
  "pk": 3,
  "fields": {
    "order": 10248,
    "product": 72,
    "quantity": 5
  }
},
{
  "model": "demo.orderdetail",
  "pk": 4,
  "fields": {
    "order": 10249,
    "product": 14,
    "quantity": 9
  }
},
{
  "model": "demo.orderdetail",
  "pk": 5,
  "fields": {
    "order": 10249,
    "product": 51,
    "quantity": 40
  }
},
{
  "model": "demo.orderdetail",
  "pk": 6,
  "fields": {
    "order": 10250,
    "product": 41,
    "quantity": 10
  }
},
{
  "model": "demo.orderdetail",
  "pk": 7,
  "fields": {
    "order": 10250,
    "product": 51,
    "quantity": 35
  }
},
{
  "model": "demo.orderdetail",
  "pk": 8,
  "fields": {
    "order": 10250,
    "product": 65,
    "quantity": 15
  }
},
{
  "model": "demo.orderdetail",
  "pk": 9,
  "fields": {
    "order": 10251,
    "product": 22,
    "quantity": 6
  }
},
{
  "model": "demo.orderdetail",
  "pk": 10,
  "fields": {
    "order": 10251,
    "product": 57,
    "quantity": 15
  }
},
{
  "model": "demo.orderdetail",
  "pk": 11,
  "fields": {
    "order": 10251,
    "product": 65,
    "quantity": 20
  }
},
{
  "model": "demo.orderdetail",
  "pk": 12,
  "fields": {
    "order": 10252,
    "product": 20,
    "quantity": 40
  }
},
{
  "model": "demo.orderdetail",
  "pk": 13,
  "fields": {
    "order": 10252,
    "product": 33,
    "quantity": 25
  }
},
{
  "model": "demo.orderdetail",
  "pk": 14,
  "fields": {
    "order": 10252,
    "product": 60,
    "quantity": 40
  }
},
{
  "model": "demo.orderdetail",
  "pk": 15,
  "fields": {
    "order": 10253,
    "product": 31,
    "quantity": 20
  }
},
{
  "model": "demo.orderdetail",
  "pk": 16,
  "fields": {
    "order": 10253,
    "product": 39,
    "quantity": 42
  }
},
{
  "model": "demo.orderdetail",
  "pk": 17,
  "fields": {
    "order": 10253,
    "product": 49,
    "quantity": 40
  }
},
{
  "model": "demo.orderdetail",
  "pk": 18,
  "fields": {
    "order": 10254,
    "product": 24,
    "quantity": 15
  }
},
{
  "model": "demo.orderdetail",
  "pk": 19,
  "fields": {
    "order": 10254,
    "product": 55,
    "quantity": 21
  }
},
{
  "model": "demo.orderdetail",
  "pk": 20,
  "fields": {
    "order": 10254,
    "product": 74,
    "quantity": 21
  }
},
{
  "model": "demo.orderdetail",
  "pk": 21,
  "fields": {
    "order": 10255,
    "product": 2,
    "quantity": 20
  }
},
{
  "model": "demo.orderdetail",
  "pk": 22,
  "fields": {
    "order": 10255,
    "product": 16,
    "quantity": 35
  }
},
{
  "model": "demo.orderdetail",
  "pk": 23,
  "fields": {
    "order": 10255,
    "product": 36,
    "quantity": 25
  }
},
{
  "model": "demo.orderdetail",
  "pk": 24,
  "fields": {
    "order": 10255,
    "product": 59,
    "quantity": 30
  }
},
{
  "model": "demo.orderdetail",
  "pk": 25,
  "fields": {
    "order": 10256,
    "product": 53,
    "quantity": 15
  }
},
{
  "model": "demo.orderdetail",
  "pk": 26,
  "fields": {
    "order": 10256,
    "product": 77,
    "quantity": 12
  }
},
{
  "model": "demo.orderdetail",
  "pk": 27,
  "fields": {
    "order": 10257,
    "product": 27,
    "quantity": 25
  }
},
{
  "model": "demo.orderdetail",
  "pk": 28,
  "fields": {
    "order": 10257,
    "product": 39,
    "quantity": 6
  }
},
{
  "model": "demo.orderdetail",
  "pk": 29,
  "fields": {
    "order": 10257,
    "product": 77,
    "quantity": 15
  }
},
{
  "model": "demo.orderdetail",
  "pk": 30,
  "fields": {
    "order": 10258,
    "product": 2,
    "quantity": 50
  }
},
{
  "model": "demo.orderdetail",
  "pk": 31,
  "fields": {
    "order": 10258,
    "product": 5,
    "quantity": 65
  }
},
{
  "model": "demo.orderdetail",
  "pk": 32,
  "fields": {
    "order": 10258,
    "product": 32,
    "quantity": 6
  }
},
{
  "model": "demo.orderdetail",
  "pk": 33,
  "fields": {
    "order": 10259,
    "product": 21,
    "quantity": 10
  }
},
{
  "model": "demo.orderdetail",
  "pk": 34,
  "fields": {
    "order": 10259,
    "product": 37,
    "quantity": 1
  }
},
{
  "model": "demo.orderdetail",
  "pk": 35,
  "fields": {
    "order": 10260,
    "product": 41,
    "quantity": 16
  }
},
{
  "model": "demo.orderdetail",
  "pk": 36,
  "fields": {
    "order": 10260,
    "product": 57,
    "quantity": 50
  }
},
{
  "model": "demo.orderdetail",
  "pk": 37,
  "fields": {
    "order": 10260,
    "product": 62,
    "quantity": 15
  }
},
{
  "model": "demo.orderdetail",
  "pk": 38,
  "fields": {
    "order": 10260,
    "product": 70,
    "quantity": 21
  }
},
{
  "model": "demo.orderdetail",
  "pk": 39,
  "fields": {
    "order": 10261,
    "product": 21,
    "quantity": 20
  }
},
{
  "model": "demo.orderdetail",
  "pk": 40,
  "fields": {
    "order": 10261,
    "product": 35,
    "quantity": 20
  }
},
{
  "model": "demo.orderdetail",
  "pk": 41,
  "fields": {
    "order": 10262,
    "product": 5,
    "quantity": 12
  }
},
{
  "model": "demo.orderdetail",
  "pk": 42,
  "fields": {
    "order": 10262,
    "product": 7,
    "quantity": 15
  }
},
{
  "model": "demo.orderdetail",
  "pk": 43,
  "fields": {
    "order": 10262,
    "product": 56,
    "quantity": 2
  }
},
{
  "model": "demo.orderdetail",
  "pk": 44,
  "fields": {
    "order": 10263,
    "product": 16,
    "quantity": 60
  }
},
{
  "model": "demo.orderdetail",
  "pk": 45,
  "fields": {
    "order": 10263,
    "product": 24,
    "quantity": 28
  }
},
{
  "model": "demo.orderdetail",
  "pk": 46,
  "fields": {
    "order": 10263,
    "product": 30,
    "quantity": 60
  }
},
{
  "model": "demo.orderdetail",
  "pk": 47,
  "fields": {
    "order": 10263,
    "product": 74,
    "quantity": 36
  }
},
{
  "model": "demo.orderdetail",
  "pk": 48,
  "fields": {
    "order": 10264,
    "product": 2,
    "quantity": 35
  }
},
{
  "model": "demo.orderdetail",
  "pk": 49,
  "fields": {
    "order": 10264,
    "product": 41,
    "quantity": 25
  }
},
{
  "model": "demo.orderdetail",
  "pk": 50,
  "fields": {
    "order": 10265,
    "product": 17,
    "quantity": 30
  }
},
{
  "model": "demo.orderdetail",
  "pk": 51,
  "fields": {
    "order": 10265,
    "product": 70,
    "quantity": 20
  }
},
{
  "model": "demo.orderdetail",
  "pk": 52,
  "fields": {
    "order": 10266,
    "product": 12,
    "quantity": 12
  }
},
{
  "model": "demo.orderdetail",
  "pk": 53,
  "fields": {
    "order": 10267,
    "product": 40,
    "quantity": 50
  }
},
{
  "model": "demo.orderdetail",
  "pk": 54,
  "fields": {
    "order": 10267,
    "product": 59,
    "quantity": 70
  }
},
{
  "model": "demo.orderdetail",
  "pk": 55,
  "fields": {
    "order": 10267,
    "product": 76,
    "quantity": 15
  }
},
{
  "model": "demo.orderdetail",
  "pk": 56,
  "fields": {
    "order": 10268,
    "product": 29,
    "quantity": 10
  }
},
{
  "model": "demo.orderdetail",
  "pk": 57,
  "fields": {
    "order": 10268,
    "product": 72,
    "quantity": 4
  }
},
{
  "model": "demo.orderdetail",
  "pk": 58,
  "fields": {
    "order": 10269,
    "product": 33,
    "quantity": 60
  }
},
{
  "model": "demo.orderdetail",
  "pk": 59,
  "fields": {
    "order": 10269,
    "product": 72,
    "quantity": 20
  }
},
{
  "model": "demo.orderdetail",
  "pk": 60,
  "fields": {
    "order": 10270,
    "product": 36,
    "quantity": 30
  }
},
{
  "model": "demo.orderdetail",
  "pk": 61,
  "fields": {
    "order": 10270,
    "product": 43,
    "quantity": 25
  }
},
{
  "model": "demo.orderdetail",
  "pk": 62,
  "fields": {
    "order": 10271,
    "product": 33,
    "quantity": 24
  }
},
{
  "model": "demo.orderdetail",
  "pk": 63,
  "fields": {
    "order": 10272,
    "product": 20,
    "quantity": 6
  }
},
{
  "model": "demo.orderdetail",
  "pk": 64,
  "fields": {
    "order": 10272,
    "product": 31,
    "quantity": 40
  }
},
{
  "model": "demo.orderdetail",
  "pk": 65,
  "fields": {
    "order": 10272,
    "product": 72,
    "quantity": 24
  }
},
{
  "model": "demo.orderdetail",
  "pk": 66,
  "fields": {
    "order": 10273,
    "product": 10,
    "quantity": 24
  }
},
{
  "model": "demo.orderdetail",
  "pk": 67,
  "fields": {
    "order": 10273,
    "product": 31,
    "quantity": 15
  }
},
{
  "model": "demo.orderdetail",
  "pk": 68,
  "fields": {
    "order": 10273,
    "product": 33,
    "quantity": 20
  }
},
{
  "model": "demo.orderdetail",
  "pk": 69,
  "fields": {
    "order": 10273,
    "product": 40,
    "quantity": 60
  }
},
{
  "model": "demo.orderdetail",
  "pk": 70,
  "fields": {
    "order": 10273,
    "product": 76,
    "quantity": 33
  }
},
{
  "model": "demo.orderdetail",
  "pk": 71,
  "fields": {
    "order": 10274,
    "product": 71,
    "quantity": 20
  }
},
{
  "model": "demo.orderdetail",
  "pk": 72,
  "fields": {
    "order": 10274,
    "product": 72,
    "quantity": 7
  }
},
{
  "model": "demo.orderdetail",
  "pk": 73,
  "fields": {
    "order": 10275,
    "product": 24,
    "quantity": 12
  }
},
{
  "model": "demo.orderdetail",
  "pk": 74,
  "fields": {
    "order": 10275,
    "product": 59,
    "quantity": 6
  }
},
{
  "model": "demo.orderdetail",
  "pk": 75,
  "fields": {
    "order": 10276,
    "product": 10,
    "quantity": 15
  }
},
{
  "model": "demo.orderdetail",
  "pk": 76,
  "fields": {
    "order": 10276,
    "product": 13,
    "quantity": 10
  }
},
{
  "model": "demo.orderdetail",
  "pk": 77,
  "fields": {
    "order": 10277,
    "product": 28,
    "quantity": 20
  }
},
{
  "model": "demo.orderdetail",
  "pk": 78,
  "fields": {
    "order": 10277,
    "product": 62,
    "quantity": 12
  }
},
{
  "model": "demo.orderdetail",
  "pk": 79,
  "fields": {
    "order": 10278,
    "product": 44,
    "quantity": 16
  }
},
{
  "model": "demo.orderdetail",
  "pk": 80,
  "fields": {
    "order": 10278,
    "product": 59,
    "quantity": 15
  }
},
{
  "model": "demo.orderdetail",
  "pk": 81,
  "fields": {
    "order": 10278,
    "product": 63,
    "quantity": 8
  }
},
{
  "model": "demo.orderdetail",
  "pk": 82,
  "fields": {
    "order": 10278,
    "product": 73,
    "quantity": 25
  }
},
{
  "model": "demo.orderdetail",
  "pk": 83,
  "fields": {
    "order": 10279,
    "product": 17,
    "quantity": 15
  }
},
{
  "model": "demo.orderdetail",
  "pk": 84,
  "fields": {
    "order": 10280,
    "product": 24,
    "quantity": 12
  }
},
{
  "model": "demo.orderdetail",
  "pk": 85,
  "fields": {
    "order": 10280,
    "product": 55,
    "quantity": 20
  }
},
{
  "model": "demo.orderdetail",
  "pk": 86,
  "fields": {
    "order": 10280,
    "product": 75,
    "quantity": 30
  }
},
{
  "model": "demo.orderdetail",
  "pk": 87,
  "fields": {
    "order": 10281,
    "product": 19,
    "quantity": 1
  }
},
{
  "model": "demo.orderdetail",
  "pk": 88,
  "fields": {
    "order": 10281,
    "product": 24,
    "quantity": 6
  }
},
{
  "model": "demo.orderdetail",
  "pk": 89,
  "fields": {
    "order": 10281,
    "product": 35,
    "quantity": 4
  }
},
{
  "model": "demo.orderdetail",
  "pk": 90,
  "fields": {
    "order": 10282,
    "product": 30,
    "quantity": 6
  }
},
{
  "model": "demo.orderdetail",
  "pk": 91,
  "fields": {
    "order": 10282,
    "product": 57,
    "quantity": 2
  }
},
{
  "model": "demo.orderdetail",
  "pk": 92,
  "fields": {
    "order": 10283,
    "product": 15,
    "quantity": 20
  }
},
{
  "model": "demo.orderdetail",
  "pk": 93,
  "fields": {
    "order": 10283,
    "product": 19,
    "quantity": 18
  }
},
{
  "model": "demo.orderdetail",
  "pk": 94,
  "fields": {
    "order": 10283,
    "product": 60,
    "quantity": 35
  }
},
{
  "model": "demo.orderdetail",
  "pk": 95,
  "fields": {
    "order": 10283,
    "product": 72,
    "quantity": 3
  }
},
{
  "model": "demo.orderdetail",
  "pk": 96,
  "fields": {
    "order": 10284,
    "product": 27,
    "quantity": 15
  }
},
{
  "model": "demo.orderdetail",
  "pk": 97,
  "fields": {
    "order": 10284,
    "product": 44,
    "quantity": 21
  }
},
{
  "model": "demo.orderdetail",
  "pk": 98,
  "fields": {
    "order": 10284,
    "product": 60,
    "quantity": 20
  }
},
{
  "model": "demo.orderdetail",
  "pk": 99,
  "fields": {
    "order": 10284,
    "product": 67,
    "quantity": 5
  }
},
{
  "model": "demo.orderdetail",
  "pk": 100,
  "fields": {
    "order": 10285,
    "product": 1,
    "quantity": 45
  }
},
{
  "model": "demo.orderdetail",
  "pk": 101,
  "fields": {
    "order": 10285,
    "product": 40,
    "quantity": 40
  }
},
{
  "model": "demo.orderdetail",
  "pk": 102,
  "fields": {
    "order": 10285,
    "product": 53,
    "quantity": 36
  }
},
{
  "model": "demo.orderdetail",
  "pk": 103,
  "fields": {
    "order": 10286,
    "product": 35,
    "quantity": 100
  }
},
{
  "model": "demo.orderdetail",
  "pk": 104,
  "fields": {
    "order": 10286,
    "product": 62,
    "quantity": 40
  }
},
{
  "model": "demo.orderdetail",
  "pk": 105,
  "fields": {
    "order": 10287,
    "product": 16,
    "quantity": 40
  }
},
{
  "model": "demo.orderdetail",
  "pk": 106,
  "fields": {
    "order": 10287,
    "product": 34,
    "quantity": 20
  }
},
{
  "model": "demo.orderdetail",
  "pk": 107,
  "fields": {
    "order": 10287,
    "product": 46,
    "quantity": 15
  }
},
{
  "model": "demo.orderdetail",
  "pk": 108,
  "fields": {
    "order": 10288,
    "product": 54,
    "quantity": 10
  }
},
{
  "model": "demo.orderdetail",
  "pk": 109,
  "fields": {
    "order": 10288,
    "product": 68,
    "quantity": 3
  }
},
{
  "model": "demo.orderdetail",
  "pk": 110,
  "fields": {
    "order": 10289,
    "product": 3,
    "quantity": 30
  }
},
{
  "model": "demo.orderdetail",
  "pk": 111,
  "fields": {
    "order": 10289,
    "product": 64,
    "quantity": 9
  }
},
{
  "model": "demo.orderdetail",
  "pk": 112,
  "fields": {
    "order": 10290,
    "product": 5,
    "quantity": 20
  }
},
{
  "model": "demo.orderdetail",
  "pk": 113,
  "fields": {
    "order": 10290,
    "product": 29,
    "quantity": 15
  }
},
{
  "model": "demo.orderdetail",
  "pk": 114,
  "fields": {
    "order": 10290,
    "product": 49,
    "quantity": 15
  }
},
{
  "model": "demo.orderdetail",
  "pk": 115,
  "fields": {
    "order": 10290,
    "product": 77,
    "quantity": 10
  }
},
{
  "model": "demo.orderdetail",
  "pk": 116,
  "fields": {
    "order": 10291,
    "product": 13,
    "quantity": 20
  }
},
{
  "model": "demo.orderdetail",
  "pk": 117,
  "fields": {
    "order": 10291,
    "product": 44,
    "quantity": 24
  }
},
{
  "model": "demo.orderdetail",
  "pk": 118,
  "fields": {
    "order": 10291,
    "product": 51,
    "quantity": 2
  }
},
{
  "model": "demo.orderdetail",
  "pk": 119,
  "fields": {
    "order": 10292,
    "product": 20,
    "quantity": 20
  }
},
{
  "model": "demo.orderdetail",
  "pk": 120,
  "fields": {
    "order": 10293,
    "product": 18,
    "quantity": 12
  }
},
{
  "model": "demo.orderdetail",
  "pk": 121,
  "fields": {
    "order": 10293,
    "product": 24,
    "quantity": 10
  }
},
{
  "model": "demo.orderdetail",
  "pk": 122,
  "fields": {
    "order": 10293,
    "product": 63,
    "quantity": 5
  }
},
{
  "model": "demo.orderdetail",
  "pk": 123,
  "fields": {
    "order": 10293,
    "product": 75,
    "quantity": 6
  }
},
{
  "model": "demo.orderdetail",
  "pk": 124,
  "fields": {
    "order": 10294,
    "product": 1,
    "quantity": 18
  }
},
{
  "model": "demo.orderdetail",
  "pk": 125,
  "fields": {
    "order": 10294,
    "product": 17,
    "quantity": 15
  }
},
{
  "model": "demo.orderdetail",
  "pk": 126,
  "fields": {
    "order": 10294,
    "product": 43,
    "quantity": 15
  }
},
{
  "model": "demo.orderdetail",
  "pk": 127,
  "fields": {
    "order": 10294,
    "product": 60,
    "quantity": 21
  }
},
{
  "model": "demo.orderdetail",
  "pk": 128,
  "fields": {
    "order": 10294,
    "product": 75,
    "quantity": 6
  }
},
{
  "model": "demo.orderdetail",
  "pk": 129,
  "fields": {
    "order": 10295,
    "product": 56,
    "quantity": 4
  }
},
{
  "model": "demo.orderdetail",
  "pk": 130,
  "fields": {
    "order": 10296,
    "product": 11,
    "quantity": 12
  }
},
{
  "model": "demo.orderdetail",
  "pk": 131,
  "fields": {
    "order": 10296,
    "product": 16,
    "quantity": 30
  }
},
{
  "model": "demo.orderdetail",
  "pk": 132,
  "fields": {
    "order": 10296,
    "product": 69,
    "quantity": 15
  }
},
{
  "model": "demo.orderdetail",
  "pk": 133,
  "fields": {
    "order": 10297,
    "product": 39,
    "quantity": 60
  }
},
{
  "model": "demo.orderdetail",
  "pk": 134,
  "fields": {
    "order": 10297,
    "product": 72,
    "quantity": 20
  }
},
{
  "model": "demo.orderdetail",
  "pk": 135,
  "fields": {
    "order": 10298,
    "product": 2,
    "quantity": 40
  }
},
{
  "model": "demo.orderdetail",
  "pk": 136,
  "fields": {
    "order": 10298,
    "product": 36,
    "quantity": 40
  }
},
{
  "model": "demo.orderdetail",
  "pk": 137,
  "fields": {
    "order": 10298,
    "product": 59,
    "quantity": 30
  }
},
{
  "model": "demo.orderdetail",
  "pk": 138,
  "fields": {
    "order": 10298,
    "product": 62,
    "quantity": 15
  }
},
{
  "model": "demo.orderdetail",
  "pk": 139,
  "fields": {
    "order": 10299,
    "product": 19,
    "quantity": 15
  }
},
{
  "model": "demo.orderdetail",
  "pk": 140,
  "fields": {
    "order": 10299,
    "product": 70,
    "quantity": 20
  }
},
{
  "model": "demo.orderdetail",
  "pk": 141,
  "fields": {
    "order": 10300,
    "product": 66,
    "quantity": 30
  }
},
{
  "model": "demo.orderdetail",
  "pk": 142,
  "fields": {
    "order": 10300,
    "product": 68,
    "quantity": 20
  }
},
{
  "model": "demo.orderdetail",
  "pk": 143,
  "fields": {
    "order": 10301,
    "product": 40,
    "quantity": 10
  }
},
{
  "model": "demo.orderdetail",
  "pk": 144,
  "fields": {
    "order": 10301,
    "product": 56,
    "quantity": 20
  }
},
{
  "model": "demo.orderdetail",
  "pk": 145,
  "fields": {
    "order": 10302,
    "product": 17,
    "quantity": 40
  }
},
{
  "model": "demo.orderdetail",
  "pk": 146,
  "fields": {
    "order": 10302,
    "product": 28,
    "quantity": 28
  }
},
{
  "model": "demo.orderdetail",
  "pk": 147,
  "fields": {
    "order": 10302,
    "product": 43,
    "quantity": 12
  }
},
{
  "model": "demo.orderdetail",
  "pk": 148,
  "fields": {
    "order": 10303,
    "product": 40,
    "quantity": 40
  }
},
{
  "model": "demo.orderdetail",
  "pk": 149,
  "fields": {
    "order": 10303,
    "product": 65,
    "quantity": 30
  }
},
{
  "model": "demo.orderdetail",
  "pk": 150,
  "fields": {
    "order": 10303,
    "product": 68,
    "quantity": 15
  }
},
{
  "model": "demo.orderdetail",
  "pk": 151,
  "fields": {
    "order": 10304,
    "product": 49,
    "quantity": 30
  }
},
{
  "model": "demo.orderdetail",
  "pk": 152,
  "fields": {
    "order": 10304,
    "product": 59,
    "quantity": 10
  }
},
{
  "model": "demo.orderdetail",
  "pk": 153,
  "fields": {
    "order": 10304,
    "product": 71,
    "quantity": 2
  }
},
{
  "model": "demo.orderdetail",
  "pk": 154,
  "fields": {
    "order": 10305,
    "product": 18,
    "quantity": 25
  }
},
{
  "model": "demo.orderdetail",
  "pk": 155,
  "fields": {
    "order": 10305,
    "product": 29,
    "quantity": 25
  }
},
{
  "model": "demo.orderdetail",
  "pk": 156,
  "fields": {
    "order": 10305,
    "product": 39,
    "quantity": 30
  }
},
{
  "model": "demo.orderdetail",
  "pk": 157,
  "fields": {
    "order": 10306,
    "product": 30,
    "quantity": 10
  }
},
{
  "model": "demo.orderdetail",
  "pk": 158,
  "fields": {
    "order": 10306,
    "product": 53,
    "quantity": 10
  }
},
{
  "model": "demo.orderdetail",
  "pk": 159,
  "fields": {
    "order": 10306,
    "product": 54,
    "quantity": 5
  }
},
{
  "model": "demo.orderdetail",
  "pk": 160,
  "fields": {
    "order": 10307,
    "product": 62,
    "quantity": 10
  }
},
{
  "model": "demo.orderdetail",
  "pk": 161,
  "fields": {
    "order": 10307,
    "product": 68,
    "quantity": 3
  }
},
{
  "model": "demo.orderdetail",
  "pk": 162,
  "fields": {
    "order": 10308,
    "product": 69,
    "quantity": 1
  }
},
{
  "model": "demo.orderdetail",
  "pk": 163,
  "fields": {
    "order": 10308,
    "product": 70,
    "quantity": 5
  }
},
{
  "model": "demo.orderdetail",
  "pk": 164,
  "fields": {
    "order": 10309,
    "product": 4,
    "quantity": 20
  }
},
{
  "model": "demo.orderdetail",
  "pk": 165,
  "fields": {
    "order": 10309,
    "product": 6,
    "quantity": 30
  }
},
{
  "model": "demo.orderdetail",
  "pk": 166,
  "fields": {
    "order": 10309,
    "product": 42,
    "quantity": 2
  }
},
{
  "model": "demo.orderdetail",
  "pk": 167,
  "fields": {
    "order": 10309,
    "product": 43,
    "quantity": 20
  }
},
{
  "model": "demo.orderdetail",
  "pk": 168,
  "fields": {
    "order": 10309,
    "product": 71,
    "quantity": 3
  }
},
{
  "model": "demo.orderdetail",
  "pk": 169,
  "fields": {
    "order": 10310,
    "product": 16,
    "quantity": 10
  }
},
{
  "model": "demo.orderdetail",
  "pk": 170,
  "fields": {
    "order": 10310,
    "product": 62,
    "quantity": 5
  }
},
{
  "model": "demo.orderdetail",
  "pk": 171,
  "fields": {
    "order": 10311,
    "product": 42,
    "quantity": 6
  }
},
{
  "model": "demo.orderdetail",
  "pk": 172,
  "fields": {
    "order": 10311,
    "product": 69,
    "quantity": 7
  }
},
{
  "model": "demo.orderdetail",
  "pk": 173,
  "fields": {
    "order": 10312,
    "product": 28,
    "quantity": 4
  }
},
{
  "model": "demo.orderdetail",
  "pk": 174,
  "fields": {
    "order": 10312,
    "product": 43,
    "quantity": 24
  }
},
{
  "model": "demo.orderdetail",
  "pk": 175,
  "fields": {
    "order": 10312,
    "product": 53,
    "quantity": 20
  }
},
{
  "model": "demo.orderdetail",
  "pk": 176,
  "fields": {
    "order": 10312,
    "product": 75,
    "quantity": 10
  }
},
{
  "model": "demo.orderdetail",
  "pk": 177,
  "fields": {
    "order": 10313,
    "product": 36,
    "quantity": 12
  }
},
{
  "model": "demo.orderdetail",
  "pk": 178,
  "fields": {
    "order": 10314,
    "product": 32,
    "quantity": 40
  }
},
{
  "model": "demo.orderdetail",
  "pk": 179,
  "fields": {
    "order": 10314,
    "product": 58,
    "quantity": 30
  }
},
{
  "model": "demo.orderdetail",
  "pk": 180,
  "fields": {
    "order": 10314,
    "product": 62,
    "quantity": 25
  }
},
{
  "model": "demo.orderdetail",
  "pk": 181,
  "fields": {
    "order": 10315,
    "product": 34,
    "quantity": 14
  }
},
{
  "model": "demo.orderdetail",
  "pk": 182,
  "fields": {
    "order": 10315,
    "product": 70,
    "quantity": 30
  }
},
{
  "model": "demo.orderdetail",
  "pk": 183,
  "fields": {
    "order": 10316,
    "product": 41,
    "quantity": 10
  }
},
{
  "model": "demo.orderdetail",
  "pk": 184,
  "fields": {
    "order": 10316,
    "product": 62,
    "quantity": 70
  }
},
{
  "model": "demo.orderdetail",
  "pk": 185,
  "fields": {
    "order": 10317,
    "product": 1,
    "quantity": 20
  }
},
{
  "model": "demo.orderdetail",
  "pk": 186,
  "fields": {
    "order": 10318,
    "product": 41,
    "quantity": 20
  }
},
{
  "model": "demo.orderdetail",
  "pk": 187,
  "fields": {
    "order": 10318,
    "product": 76,
    "quantity": 6
  }
},
{
  "model": "demo.orderdetail",
  "pk": 188,
  "fields": {
    "order": 10319,
    "product": 17,
    "quantity": 8
  }
},
{
  "model": "demo.orderdetail",
  "pk": 189,
  "fields": {
    "order": 10319,
    "product": 28,
    "quantity": 14
  }
},
{
  "model": "demo.orderdetail",
  "pk": 190,
  "fields": {
    "order": 10319,
    "product": 76,
    "quantity": 30
  }
},
{
  "model": "demo.orderdetail",
  "pk": 191,
  "fields": {
    "order": 10320,
    "product": 71,
    "quantity": 30
  }
},
{
  "model": "demo.orderdetail",
  "pk": 192,
  "fields": {
    "order": 10321,
    "product": 35,
    "quantity": 10
  }
},
{
  "model": "demo.orderdetail",
  "pk": 193,
  "fields": {
    "order": 10322,
    "product": 52,
    "quantity": 20
  }
},
{
  "model": "demo.orderdetail",
  "pk": 194,
  "fields": {
    "order": 10323,
    "product": 15,
    "quantity": 5
  }
},
{
  "model": "demo.orderdetail",
  "pk": 195,
  "fields": {
    "order": 10323,
    "product": 25,
    "quantity": 4
  }
},
{
  "model": "demo.orderdetail",
  "pk": 196,
  "fields": {
    "order": 10323,
    "product": 39,
    "quantity": 4
  }
},
{
  "model": "demo.orderdetail",
  "pk": 197,
  "fields": {
    "order": 10324,
    "product": 16,
    "quantity": 21
  }
},
{
  "model": "demo.orderdetail",
  "pk": 198,
  "fields": {
    "order": 10324,
    "product": 35,
    "quantity": 70
  }
},
{
  "model": "demo.orderdetail",
  "pk": 199,
  "fields": {
    "order": 10324,
    "product": 46,
    "quantity": 30
  }
},
{
  "model": "demo.orderdetail",
  "pk": 200,
  "fields": {
    "order": 10324,
    "product": 59,
    "quantity": 40
  }
},
{
  "model": "demo.orderdetail",
  "pk": 201,
  "fields": {
    "order": 10324,
    "product": 63,
    "quantity": 80
  }
},
{
  "model": "demo.orderdetail",
  "pk": 202,
  "fields": {
    "order": 10325,
    "product": 6,
    "quantity": 6
  }
},
{
  "model": "demo.orderdetail",
  "pk": 203,
  "fields": {
    "order": 10325,
    "product": 13,
    "quantity": 12
  }
},
{
  "model": "demo.orderdetail",
  "pk": 204,
  "fields": {
    "order": 10325,
    "product": 14,
    "quantity": 9
  }
},
{
  "model": "demo.orderdetail",
  "pk": 205,
  "fields": {
    "order": 10325,
    "product": 31,
    "quantity": 4
  }
},
{
  "model": "demo.orderdetail",
  "pk": 206,
  "fields": {
    "order": 10325,
    "product": 72,
    "quantity": 40
  }
},
{
  "model": "demo.orderdetail",
  "pk": 207,
  "fields": {
    "order": 10326,
    "product": 4,
    "quantity": 24
  }
},
{
  "model": "demo.orderdetail",
  "pk": 208,
  "fields": {
    "order": 10326,
    "product": 57,
    "quantity": 16
  }
},
{
  "model": "demo.orderdetail",
  "pk": 209,
  "fields": {
    "order": 10326,
    "product": 75,
    "quantity": 50
  }
},
{
  "model": "demo.orderdetail",
  "pk": 210,
  "fields": {
    "order": 10327,
    "product": 2,
    "quantity": 25
  }
},
{
  "model": "demo.orderdetail",
  "pk": 211,
  "fields": {
    "order": 10327,
    "product": 11,
    "quantity": 50
  }
},
{
  "model": "demo.orderdetail",
  "pk": 212,
  "fields": {
    "order": 10327,
    "product": 30,
    "quantity": 35
  }
},
{
  "model": "demo.orderdetail",
  "pk": 213,
  "fields": {
    "order": 10327,
    "product": 58,
    "quantity": 30
  }
},
{
  "model": "demo.orderdetail",
  "pk": 214,
  "fields": {
    "order": 10328,
    "product": 59,
    "quantity": 9
  }
},
{
  "model": "demo.orderdetail",
  "pk": 215,
  "fields": {
    "order": 10328,
    "product": 65,
    "quantity": 40
  }
},
{
  "model": "demo.orderdetail",
  "pk": 216,
  "fields": {
    "order": 10328,
    "product": 68,
    "quantity": 10
  }
},
{
  "model": "demo.orderdetail",
  "pk": 217,
  "fields": {
    "order": 10329,
    "product": 19,
    "quantity": 10
  }
},
{
  "model": "demo.orderdetail",
  "pk": 218,
  "fields": {
    "order": 10329,
    "product": 30,
    "quantity": 8
  }
},
{
  "model": "demo.orderdetail",
  "pk": 219,
  "fields": {
    "order": 10329,
    "product": 38,
    "quantity": 20
  }
},
{
  "model": "demo.orderdetail",
  "pk": 220,
  "fields": {
    "order": 10329,
    "product": 56,
    "quantity": 12
  }
},
{
  "model": "demo.orderdetail",
  "pk": 221,
  "fields": {
    "order": 10330,
    "product": 26,
    "quantity": 50
  }
},
{
  "model": "demo.orderdetail",
  "pk": 222,
  "fields": {
    "order": 10330,
    "product": 72,
    "quantity": 25
  }
},
{
  "model": "demo.orderdetail",
  "pk": 223,
  "fields": {
    "order": 10331,
    "product": 54,
    "quantity": 15
  }
},
{
  "model": "demo.orderdetail",
  "pk": 224,
  "fields": {
    "order": 10332,
    "product": 18,
    "quantity": 40
  }
},
{
  "model": "demo.orderdetail",
  "pk": 225,
  "fields": {
    "order": 10332,
    "product": 42,
    "quantity": 10
  }
},
{
  "model": "demo.orderdetail",
  "pk": 226,
  "fields": {
    "order": 10332,
    "product": 47,
    "quantity": 16
  }
},
{
  "model": "demo.orderdetail",
  "pk": 227,
  "fields": {
    "order": 10333,
    "product": 14,
    "quantity": 10
  }
},
{
  "model": "demo.orderdetail",
  "pk": 228,
  "fields": {
    "order": 10333,
    "product": 21,
    "quantity": 10
  }
},
{
  "model": "demo.orderdetail",
  "pk": 229,
  "fields": {
    "order": 10333,
    "product": 71,
    "quantity": 40
  }
},
{
  "model": "demo.orderdetail",
  "pk": 230,
  "fields": {
    "order": 10334,
    "product": 52,
    "quantity": 8
  }
},
{
  "model": "demo.orderdetail",
  "pk": 231,
  "fields": {
    "order": 10334,
    "product": 68,
    "quantity": 10
  }
},
{
  "model": "demo.orderdetail",
  "pk": 232,
  "fields": {
    "order": 10335,
    "product": 2,
    "quantity": 7
  }
},
{
  "model": "demo.orderdetail",
  "pk": 233,
  "fields": {
    "order": 10335,
    "product": 31,
    "quantity": 25
  }
},
{
  "model": "demo.orderdetail",
  "pk": 234,
  "fields": {
    "order": 10335,
    "product": 32,
    "quantity": 6
  }
},
{
  "model": "demo.orderdetail",
  "pk": 235,
  "fields": {
    "order": 10335,
    "product": 51,
    "quantity": 48
  }
},
{
  "model": "demo.orderdetail",
  "pk": 236,
  "fields": {
    "order": 10336,
    "product": 4,
    "quantity": 18
  }
},
{
  "model": "demo.orderdetail",
  "pk": 237,
  "fields": {
    "order": 10337,
    "product": 23,
    "quantity": 40
  }
},
{
  "model": "demo.orderdetail",
  "pk": 238,
  "fields": {
    "order": 10337,
    "product": 26,
    "quantity": 24
  }
},
{
  "model": "demo.orderdetail",
  "pk": 239,
  "fields": {
    "order": 10337,
    "product": 36,
    "quantity": 20
  }
},
{
  "model": "demo.orderdetail",
  "pk": 240,
  "fields": {
    "order": 10337,
    "product": 37,
    "quantity": 28
  }
},
{
  "model": "demo.orderdetail",
  "pk": 241,
  "fields": {
    "order": 10337,
    "product": 72,
    "quantity": 25
  }
},
{
  "model": "demo.orderdetail",
  "pk": 242,
  "fields": {
    "order": 10338,
    "product": 17,
    "quantity": 20
  }
},
{
  "model": "demo.orderdetail",
  "pk": 243,
  "fields": {
    "order": 10338,
    "product": 30,
    "quantity": 15
  }
},
{
  "model": "demo.orderdetail",
  "pk": 244,
  "fields": {
    "order": 10339,
    "product": 4,
    "quantity": 10
  }
},
{
  "model": "demo.orderdetail",
  "pk": 245,
  "fields": {
    "order": 10339,
    "product": 17,
    "quantity": 70
  }
},
{
  "model": "demo.orderdetail",
  "pk": 246,
  "fields": {
    "order": 10339,
    "product": 62,
    "quantity": 28
  }
},
{
  "model": "demo.orderdetail",
  "pk": 247,
  "fields": {
    "order": 10340,
    "product": 18,
    "quantity": 20
  }
},
{
  "model": "demo.orderdetail",
  "pk": 248,
  "fields": {
    "order": 10340,
    "product": 41,
    "quantity": 12
  }
},
{
  "model": "demo.orderdetail",
  "pk": 249,
  "fields": {
    "order": 10340,
    "product": 43,
    "quantity": 40
  }
},
{
  "model": "demo.orderdetail",
  "pk": 250,
  "fields": {
    "order": 10341,
    "product": 33,
    "quantity": 8
  }
},
{
  "model": "demo.orderdetail",
  "pk": 251,
  "fields": {
    "order": 10341,
    "product": 59,
    "quantity": 9
  }
},
{
  "model": "demo.orderdetail",
  "pk": 252,
  "fields": {
    "order": 10342,
    "product": 2,
    "quantity": 24
  }
},
{
  "model": "demo.orderdetail",
  "pk": 253,
  "fields": {
    "order": 10342,
    "product": 31,
    "quantity": 56
  }
},
{
  "model": "demo.orderdetail",
  "pk": 254,
  "fields": {
    "order": 10342,
    "product": 36,
    "quantity": 40
  }
},
{
  "model": "demo.orderdetail",
  "pk": 255,
  "fields": {
    "order": 10342,
    "product": 55,
    "quantity": 40
  }
},
{
  "model": "demo.orderdetail",
  "pk": 256,
  "fields": {
    "order": 10343,
    "product": 64,
    "quantity": 50
  }
},
{
  "model": "demo.orderdetail",
  "pk": 257,
  "fields": {
    "order": 10343,
    "product": 68,
    "quantity": 4
  }
},
{
  "model": "demo.orderdetail",
  "pk": 258,
  "fields": {
    "order": 10343,
    "product": 76,
    "quantity": 15
  }
},
{
  "model": "demo.orderdetail",
  "pk": 259,
  "fields": {
    "order": 10344,
    "product": 4,
    "quantity": 35
  }
},
{
  "model": "demo.orderdetail",
  "pk": 260,
  "fields": {
    "order": 10344,
    "product": 8,
    "quantity": 70
  }
},
{
  "model": "demo.orderdetail",
  "pk": 261,
  "fields": {
    "order": 10345,
    "product": 8,
    "quantity": 70
  }
},
{
  "model": "demo.orderdetail",
  "pk": 262,
  "fields": {
    "order": 10345,
    "product": 19,
    "quantity": 80
  }
},
{
  "model": "demo.orderdetail",
  "pk": 263,
  "fields": {
    "order": 10345,
    "product": 42,
    "quantity": 9
  }
},
{
  "model": "demo.orderdetail",
  "pk": 264,
  "fields": {
    "order": 10346,
    "product": 17,
    "quantity": 36
  }
},
{
  "model": "demo.orderdetail",
  "pk": 265,
  "fields": {
    "order": 10346,
    "product": 56,
    "quantity": 20
  }
},
{
  "model": "demo.orderdetail",
  "pk": 266,
  "fields": {
    "order": 10347,
    "product": 25,
    "quantity": 10
  }
},
{
  "model": "demo.orderdetail",
  "pk": 267,
  "fields": {
    "order": 10347,
    "product": 39,
    "quantity": 50
  }
},
{
  "model": "demo.orderdetail",
  "pk": 268,
  "fields": {
    "order": 10347,
    "product": 40,
    "quantity": 4
  }
},
{
  "model": "demo.orderdetail",
  "pk": 269,
  "fields": {
    "order": 10347,
    "product": 75,
    "quantity": 6
  }
},
{
  "model": "demo.orderdetail",
  "pk": 270,
  "fields": {
    "order": 10348,
    "product": 1,
    "quantity": 15
  }
},
{
  "model": "demo.orderdetail",
  "pk": 271,
  "fields": {
    "order": 10348,
    "product": 23,
    "quantity": 25
  }
},
{
  "model": "demo.orderdetail",
  "pk": 272,
  "fields": {
    "order": 10349,
    "product": 54,
    "quantity": 24
  }
},
{
  "model": "demo.orderdetail",
  "pk": 273,
  "fields": {
    "order": 10350,
    "product": 50,
    "quantity": 15
  }
},
{
  "model": "demo.orderdetail",
  "pk": 274,
  "fields": {
    "order": 10350,
    "product": 69,
    "quantity": 18
  }
},
{
  "model": "demo.orderdetail",
  "pk": 275,
  "fields": {
    "order": 10351,
    "product": 38,
    "quantity": 20
  }
},
{
  "model": "demo.orderdetail",
  "pk": 276,
  "fields": {
    "order": 10351,
    "product": 41,
    "quantity": 13
  }
},
{
  "model": "demo.orderdetail",
  "pk": 277,
  "fields": {
    "order": 10351,
    "product": 44,
    "quantity": 77
  }
},
{
  "model": "demo.orderdetail",
  "pk": 278,
  "fields": {
    "order": 10351,
    "product": 65,
    "quantity": 10
  }
},
{
  "model": "demo.orderdetail",
  "pk": 279,
  "fields": {
    "order": 10352,
    "product": 24,
    "quantity": 10
  }
},
{
  "model": "demo.orderdetail",
  "pk": 280,
  "fields": {
    "order": 10352,
    "product": 54,
    "quantity": 20
  }
},
{
  "model": "demo.orderdetail",
  "pk": 281,
  "fields": {
    "order": 10353,
    "product": 11,
    "quantity": 12
  }
},
{
  "model": "demo.orderdetail",
  "pk": 282,
  "fields": {
    "order": 10353,
    "product": 38,
    "quantity": 50
  }
},
{
  "model": "demo.orderdetail",
  "pk": 283,
  "fields": {
    "order": 10354,
    "product": 1,
    "quantity": 12
  }
},
{
  "model": "demo.orderdetail",
  "pk": 284,
  "fields": {
    "order": 10354,
    "product": 29,
    "quantity": 4
  }
},
{
  "model": "demo.orderdetail",
  "pk": 285,
  "fields": {
    "order": 10355,
    "product": 24,
    "quantity": 25
  }
},
{
  "model": "demo.orderdetail",
  "pk": 286,
  "fields": {
    "order": 10355,
    "product": 57,
    "quantity": 25
  }
},
{
  "model": "demo.orderdetail",
  "pk": 287,
  "fields": {
    "order": 10356,
    "product": 31,
    "quantity": 30
  }
},
{
  "model": "demo.orderdetail",
  "pk": 288,
  "fields": {
    "order": 10356,
    "product": 55,
    "quantity": 12
  }
},
{
  "model": "demo.orderdetail",
  "pk": 289,
  "fields": {
    "order": 10356,
    "product": 69,
    "quantity": 20
  }
},
{
  "model": "demo.orderdetail",
  "pk": 290,
  "fields": {
    "order": 10357,
    "product": 10,
    "quantity": 30
  }
},
{
  "model": "demo.orderdetail",
  "pk": 291,
  "fields": {
    "order": 10357,
    "product": 26,
    "quantity": 16
  }
},
{
  "model": "demo.orderdetail",
  "pk": 292,
  "fields": {
    "order": 10357,
    "product": 60,
    "quantity": 8
  }
},
{
  "model": "demo.orderdetail",
  "pk": 293,
  "fields": {
    "order": 10358,
    "product": 24,
    "quantity": 10
  }
},
{
  "model": "demo.orderdetail",
  "pk": 294,
  "fields": {
    "order": 10358,
    "product": 34,
    "quantity": 10
  }
},
{
  "model": "demo.orderdetail",
  "pk": 295,
  "fields": {
    "order": 10358,
    "product": 36,
    "quantity": 20
  }
},
{
  "model": "demo.orderdetail",
  "pk": 296,
  "fields": {
    "order": 10359,
    "product": 16,
    "quantity": 56
  }
},
{
  "model": "demo.orderdetail",
  "pk": 297,
  "fields": {
    "order": 10359,
    "product": 31,
    "quantity": 70
  }
},
{
  "model": "demo.orderdetail",
  "pk": 298,
  "fields": {
    "order": 10359,
    "product": 60,
    "quantity": 80
  }
},
{
  "model": "demo.orderdetail",
  "pk": 299,
  "fields": {
    "order": 10360,
    "product": 28,
    "quantity": 30
  }
},
{
  "model": "demo.orderdetail",
  "pk": 300,
  "fields": {
    "order": 10360,
    "product": 29,
    "quantity": 35
  }
},
{
  "model": "demo.orderdetail",
  "pk": 301,
  "fields": {
    "order": 10360,
    "product": 38,
    "quantity": 10
  }
},
{
  "model": "demo.orderdetail",
  "pk": 302,
  "fields": {
    "order": 10360,
    "product": 49,
    "quantity": 35
  }
},
{
  "model": "demo.orderdetail",
  "pk": 303,
  "fields": {
    "order": 10360,
    "product": 54,
    "quantity": 28
  }
},
{
  "model": "demo.orderdetail",
  "pk": 304,
  "fields": {
    "order": 10361,
    "product": 39,
    "quantity": 54
  }
},
{
  "model": "demo.orderdetail",
  "pk": 305,
  "fields": {
    "order": 10361,
    "product": 60,
    "quantity": 55
  }
},
{
  "model": "demo.orderdetail",
  "pk": 306,
  "fields": {
    "order": 10362,
    "product": 25,
    "quantity": 50
  }
},
{
  "model": "demo.orderdetail",
  "pk": 307,
  "fields": {
    "order": 10362,
    "product": 51,
    "quantity": 20
  }
},
{
  "model": "demo.orderdetail",
  "pk": 308,
  "fields": {
    "order": 10362,
    "product": 54,
    "quantity": 24
  }
},
{
  "model": "demo.orderdetail",
  "pk": 309,
  "fields": {
    "order": 10363,
    "product": 31,
    "quantity": 20
  }
},
{
  "model": "demo.orderdetail",
  "pk": 310,
  "fields": {
    "order": 10363,
    "product": 75,
    "quantity": 12
  }
},
{
  "model": "demo.orderdetail",
  "pk": 311,
  "fields": {
    "order": 10363,
    "product": 76,
    "quantity": 12
  }
},
{
  "model": "demo.orderdetail",
  "pk": 312,
  "fields": {
    "order": 10364,
    "product": 69,
    "quantity": 30
  }
},
{
  "model": "demo.orderdetail",
  "pk": 313,
  "fields": {
    "order": 10364,
    "product": 71,
    "quantity": 5
  }
},
{
  "model": "demo.orderdetail",
  "pk": 314,
  "fields": {
    "order": 10365,
    "product": 11,
    "quantity": 24
  }
},
{
  "model": "demo.orderdetail",
  "pk": 315,
  "fields": {
    "order": 10366,
    "product": 65,
    "quantity": 5
  }
},
{
  "model": "demo.orderdetail",
  "pk": 316,
  "fields": {
    "order": 10366,
    "product": 77,
    "quantity": 5
  }
},
{
  "model": "demo.orderdetail",
  "pk": 317,
  "fields": {
    "order": 10367,
    "product": 34,
    "quantity": 36
  }
},
{
  "model": "demo.orderdetail",
  "pk": 318,
  "fields": {
    "order": 10367,
    "product": 54,
    "quantity": 18
  }
},
{
  "model": "demo.orderdetail",
  "pk": 319,
  "fields": {
    "order": 10367,
    "product": 65,
    "quantity": 15
  }
},
{
  "model": "demo.orderdetail",
  "pk": 320,
  "fields": {
    "order": 10367,
    "product": 77,
    "quantity": 7
  }
},
{
  "model": "demo.orderdetail",
  "pk": 321,
  "fields": {
    "order": 10368,
    "product": 21,
    "quantity": 5
  }
},
{
  "model": "demo.orderdetail",
  "pk": 322,
  "fields": {
    "order": 10368,
    "product": 28,
    "quantity": 13
  }
},
{
  "model": "demo.orderdetail",
  "pk": 323,
  "fields": {
    "order": 10368,
    "product": 57,
    "quantity": 25
  }
},
{
  "model": "demo.orderdetail",
  "pk": 324,
  "fields": {
    "order": 10368,
    "product": 64,
    "quantity": 35
  }
},
{
  "model": "demo.orderdetail",
  "pk": 325,
  "fields": {
    "order": 10369,
    "product": 29,
    "quantity": 20
  }
},
{
  "model": "demo.orderdetail",
  "pk": 326,
  "fields": {
    "order": 10369,
    "product": 56,
    "quantity": 18
  }
},
{
  "model": "demo.orderdetail",
  "pk": 327,
  "fields": {
    "order": 10370,
    "product": 1,
    "quantity": 15
  }
},
{
  "model": "demo.orderdetail",
  "pk": 328,
  "fields": {
    "order": 10370,
    "product": 64,
    "quantity": 30
  }
},
{
  "model": "demo.orderdetail",
  "pk": 329,
  "fields": {
    "order": 10370,
    "product": 74,
    "quantity": 20
  }
},
{
  "model": "demo.orderdetail",
  "pk": 330,
  "fields": {
    "order": 10371,
    "product": 36,
    "quantity": 6
  }
},
{
  "model": "demo.orderdetail",
  "pk": 331,
  "fields": {
    "order": 10372,
    "product": 20,
    "quantity": 12
  }
},
{
  "model": "demo.orderdetail",
  "pk": 332,
  "fields": {
    "order": 10372,
    "product": 38,
    "quantity": 40
  }
},
{
  "model": "demo.orderdetail",
  "pk": 333,
  "fields": {
    "order": 10372,
    "product": 60,
    "quantity": 70
  }
},
{
  "model": "demo.orderdetail",
  "pk": 334,
  "fields": {
    "order": 10372,
    "product": 72,
    "quantity": 42
  }
},
{
  "model": "demo.orderdetail",
  "pk": 335,
  "fields": {
    "order": 10373,
    "product": 58,
    "quantity": 80
  }
},
{
  "model": "demo.orderdetail",
  "pk": 336,
  "fields": {
    "order": 10373,
    "product": 71,
    "quantity": 50
  }
},
{
  "model": "demo.orderdetail",
  "pk": 337,
  "fields": {
    "order": 10374,
    "product": 31,
    "quantity": 30
  }
},
{
  "model": "demo.orderdetail",
  "pk": 338,
  "fields": {
    "order": 10374,
    "product": 58,
    "quantity": 15
  }
},
{
  "model": "demo.orderdetail",
  "pk": 339,
  "fields": {
    "order": 10375,
    "product": 14,
    "quantity": 15
  }
},
{
  "model": "demo.orderdetail",
  "pk": 340,
  "fields": {
    "order": 10375,
    "product": 54,
    "quantity": 10
  }
},
{
  "model": "demo.orderdetail",
  "pk": 341,
  "fields": {
    "order": 10376,
    "product": 31,
    "quantity": 42
  }
},
{
  "model": "demo.orderdetail",
  "pk": 342,
  "fields": {
    "order": 10377,
    "product": 28,
    "quantity": 20
  }
},
{
  "model": "demo.orderdetail",
  "pk": 343,
  "fields": {
    "order": 10377,
    "product": 39,
    "quantity": 20
  }
},
{
  "model": "demo.orderdetail",
  "pk": 344,
  "fields": {
    "order": 10378,
    "product": 71,
    "quantity": 6
  }
},
{
  "model": "demo.orderdetail",
  "pk": 345,
  "fields": {
    "order": 10379,
    "product": 41,
    "quantity": 8
  }
},
{
  "model": "demo.orderdetail",
  "pk": 346,
  "fields": {
    "order": 10379,
    "product": 63,
    "quantity": 16
  }
},
{
  "model": "demo.orderdetail",
  "pk": 347,
  "fields": {
    "order": 10379,
    "product": 65,
    "quantity": 20
  }
},
{
  "model": "demo.orderdetail",
  "pk": 348,
  "fields": {
    "order": 10380,
    "product": 30,
    "quantity": 18
  }
},
{
  "model": "demo.orderdetail",
  "pk": 349,
  "fields": {
    "order": 10380,
    "product": 53,
    "quantity": 20
  }
},
{
  "model": "demo.orderdetail",
  "pk": 350,
  "fields": {
    "order": 10380,
    "product": 60,
    "quantity": 6
  }
},
{
  "model": "demo.orderdetail",
  "pk": 351,
  "fields": {
    "order": 10380,
    "product": 70,
    "quantity": 30
  }
},
{
  "model": "demo.orderdetail",
  "pk": 352,
  "fields": {
    "order": 10381,
    "product": 74,
    "quantity": 14
  }
},
{
  "model": "demo.orderdetail",
  "pk": 353,
  "fields": {
    "order": 10382,
    "product": 5,
    "quantity": 32
  }
},
{
  "model": "demo.orderdetail",
  "pk": 354,
  "fields": {
    "order": 10382,
    "product": 18,
    "quantity": 9
  }
},
{
  "model": "demo.orderdetail",
  "pk": 355,
  "fields": {
    "order": 10382,
    "product": 29,
    "quantity": 14
  }
},
{
  "model": "demo.orderdetail",
  "pk": 356,
  "fields": {
    "order": 10382,
    "product": 33,
    "quantity": 60
  }
},
{
  "model": "demo.orderdetail",
  "pk": 357,
  "fields": {
    "order": 10382,
    "product": 74,
    "quantity": 50
  }
},
{
  "model": "demo.orderdetail",
  "pk": 358,
  "fields": {
    "order": 10383,
    "product": 13,
    "quantity": 20
  }
},
{
  "model": "demo.orderdetail",
  "pk": 359,
  "fields": {
    "order": 10383,
    "product": 50,
    "quantity": 15
  }
},
{
  "model": "demo.orderdetail",
  "pk": 360,
  "fields": {
    "order": 10383,
    "product": 56,
    "quantity": 20
  }
},
{
  "model": "demo.orderdetail",
  "pk": 361,
  "fields": {
    "order": 10384,
    "product": 20,
    "quantity": 28
  }
},
{
  "model": "demo.orderdetail",
  "pk": 362,
  "fields": {
    "order": 10384,
    "product": 60,
    "quantity": 15
  }
},
{
  "model": "demo.orderdetail",
  "pk": 363,
  "fields": {
    "order": 10385,
    "product": 7,
    "quantity": 10
  }
},
{
  "model": "demo.orderdetail",
  "pk": 364,
  "fields": {
    "order": 10385,
    "product": 60,
    "quantity": 20
  }
},
{
  "model": "demo.orderdetail",
  "pk": 365,
  "fields": {
    "order": 10385,
    "product": 68,
    "quantity": 8
  }
},
{
  "model": "demo.orderdetail",
  "pk": 366,
  "fields": {
    "order": 10386,
    "product": 24,
    "quantity": 15
  }
},
{
  "model": "demo.orderdetail",
  "pk": 367,
  "fields": {
    "order": 10386,
    "product": 34,
    "quantity": 10
  }
},
{
  "model": "demo.orderdetail",
  "pk": 368,
  "fields": {
    "order": 10387,
    "product": 24,
    "quantity": 15
  }
},
{
  "model": "demo.orderdetail",
  "pk": 369,
  "fields": {
    "order": 10387,
    "product": 28,
    "quantity": 6
  }
},
{
  "model": "demo.orderdetail",
  "pk": 370,
  "fields": {
    "order": 10387,
    "product": 59,
    "quantity": 12
  }
},
{
  "model": "demo.orderdetail",
  "pk": 371,
  "fields": {
    "order": 10387,
    "product": 71,
    "quantity": 15
  }
},
{
  "model": "demo.orderdetail",
  "pk": 372,
  "fields": {
    "order": 10388,
    "product": 45,
    "quantity": 15
  }
},
{
  "model": "demo.orderdetail",
  "pk": 373,
  "fields": {
    "order": 10388,
    "product": 52,
    "quantity": 20
  }
},
{
  "model": "demo.orderdetail",
  "pk": 374,
  "fields": {
    "order": 10388,
    "product": 53,
    "quantity": 40
  }
},
{
  "model": "demo.orderdetail",
  "pk": 375,
  "fields": {
    "order": 10389,
    "product": 10,
    "quantity": 16
  }
},
{
  "model": "demo.orderdetail",
  "pk": 376,
  "fields": {
    "order": 10389,
    "product": 55,
    "quantity": 15
  }
},
{
  "model": "demo.orderdetail",
  "pk": 377,
  "fields": {
    "order": 10389,
    "product": 62,
    "quantity": 20
  }
},
{
  "model": "demo.orderdetail",
  "pk": 378,
  "fields": {
    "order": 10389,
    "product": 70,
    "quantity": 30
  }
},
{
  "model": "demo.orderdetail",
  "pk": 379,
  "fields": {
    "order": 10390,
    "product": 31,
    "quantity": 60
  }
},
{
  "model": "demo.orderdetail",
  "pk": 380,
  "fields": {
    "order": 10390,
    "product": 35,
    "quantity": 40
  }
},
{
  "model": "demo.orderdetail",
  "pk": 381,
  "fields": {
    "order": 10390,
    "product": 46,
    "quantity": 45
  }
},
{
  "model": "demo.orderdetail",
  "pk": 382,
  "fields": {
    "order": 10390,
    "product": 72,
    "quantity": 24
  }
},
{
  "model": "demo.orderdetail",
  "pk": 383,
  "fields": {
    "order": 10391,
    "product": 13,
    "quantity": 18
  }
},
{
  "model": "demo.orderdetail",
  "pk": 384,
  "fields": {
    "order": 10392,
    "product": 69,
    "quantity": 50
  }
},
{
  "model": "demo.orderdetail",
  "pk": 385,
  "fields": {
    "order": 10393,
    "product": 2,
    "quantity": 25
  }
},
{
  "model": "demo.orderdetail",
  "pk": 386,
  "fields": {
    "order": 10393,
    "product": 14,
    "quantity": 42
  }
},
{
  "model": "demo.orderdetail",
  "pk": 387,
  "fields": {
    "order": 10393,
    "product": 25,
    "quantity": 7
  }
},
{
  "model": "demo.orderdetail",
  "pk": 388,
  "fields": {
    "order": 10393,
    "product": 26,
    "quantity": 70
  }
},
{
  "model": "demo.orderdetail",
  "pk": 389,
  "fields": {
    "order": 10393,
    "product": 31,
    "quantity": 32
  }
},
{
  "model": "demo.orderdetail",
  "pk": 390,
  "fields": {
    "order": 10394,
    "product": 13,
    "quantity": 10
  }
},
{
  "model": "demo.orderdetail",
  "pk": 391,
  "fields": {
    "order": 10394,
    "product": 62,
    "quantity": 10
  }
},
{
  "model": "demo.orderdetail",
  "pk": 392,
  "fields": {
    "order": 10395,
    "product": 46,
    "quantity": 28
  }
},
{
  "model": "demo.orderdetail",
  "pk": 393,
  "fields": {
    "order": 10395,
    "product": 53,
    "quantity": 70
  }
},
{
  "model": "demo.orderdetail",
  "pk": 394,
  "fields": {
    "order": 10395,
    "product": 69,
    "quantity": 8
  }
},
{
  "model": "demo.orderdetail",
  "pk": 395,
  "fields": {
    "order": 10396,
    "product": 23,
    "quantity": 40
  }
},
{
  "model": "demo.orderdetail",
  "pk": 396,
  "fields": {
    "order": 10396,
    "product": 71,
    "quantity": 60
  }
},
{
  "model": "demo.orderdetail",
  "pk": 397,
  "fields": {
    "order": 10396,
    "product": 72,
    "quantity": 21
  }
},
{
  "model": "demo.orderdetail",
  "pk": 398,
  "fields": {
    "order": 10397,
    "product": 21,
    "quantity": 10
  }
},
{
  "model": "demo.orderdetail",
  "pk": 399,
  "fields": {
    "order": 10397,
    "product": 51,
    "quantity": 18
  }
},
{
  "model": "demo.orderdetail",
  "pk": 400,
  "fields": {
    "order": 10398,
    "product": 35,
    "quantity": 30
  }
},
{
  "model": "demo.orderdetail",
  "pk": 401,
  "fields": {
    "order": 10398,
    "product": 55,
    "quantity": 120
  }
},
{
  "model": "demo.orderdetail",
  "pk": 402,
  "fields": {
    "order": 10399,
    "product": 68,
    "quantity": 60
  }
},
{
  "model": "demo.orderdetail",
  "pk": 403,
  "fields": {
    "order": 10399,
    "product": 71,
    "quantity": 30
  }
},
{
  "model": "demo.orderdetail",
  "pk": 404,
  "fields": {
    "order": 10399,
    "product": 76,
    "quantity": 35
  }
},
{
  "model": "demo.orderdetail",
  "pk": 405,
  "fields": {
    "order": 10399,
    "product": 77,
    "quantity": 14
  }
},
{
  "model": "demo.orderdetail",
  "pk": 406,
  "fields": {
    "order": 10400,
    "product": 29,
    "quantity": 21
  }
},
{
  "model": "demo.orderdetail",
  "pk": 407,
  "fields": {
    "order": 10400,
    "product": 35,
    "quantity": 35
  }
},
{
  "model": "demo.orderdetail",
  "pk": 408,
  "fields": {
    "order": 10400,
    "product": 49,
    "quantity": 30
  }
},
{
  "model": "demo.orderdetail",
  "pk": 409,
  "fields": {
    "order": 10401,
    "product": 30,
    "quantity": 18
  }
},
{
  "model": "demo.orderdetail",
  "pk": 410,
  "fields": {
    "order": 10401,
    "product": 56,
    "quantity": 70
  }
},
{
  "model": "demo.orderdetail",
  "pk": 411,
  "fields": {
    "order": 10401,
    "product": 65,
    "quantity": 20
  }
},
{
  "model": "demo.orderdetail",
  "pk": 412,
  "fields": {
    "order": 10401,
    "product": 71,
    "quantity": 60
  }
},
{
  "model": "demo.orderdetail",
  "pk": 413,
  "fields": {
    "order": 10402,
    "product": 23,
    "quantity": 60
  }
},
{
  "model": "demo.orderdetail",
  "pk": 414,
  "fields": {
    "order": 10402,
    "product": 63,
    "quantity": 65
  }
},
{
  "model": "demo.orderdetail",
  "pk": 415,
  "fields": {
    "order": 10403,
    "product": 16,
    "quantity": 21
  }
},
{
  "model": "demo.orderdetail",
  "pk": 416,
  "fields": {
    "order": 10403,
    "product": 48,
    "quantity": 70
  }
},
{
  "model": "demo.orderdetail",
  "pk": 417,
  "fields": {
    "order": 10404,
    "product": 26,
    "quantity": 30
  }
},
{
  "model": "demo.orderdetail",
  "pk": 418,
  "fields": {
    "order": 10404,
    "product": 42,
    "quantity": 40
  }
},
{
  "model": "demo.orderdetail",
  "pk": 419,
  "fields": {
    "order": 10404,
    "product": 49,
    "quantity": 30
  }
},
{
  "model": "demo.orderdetail",
  "pk": 420,
  "fields": {
    "order": 10405,
    "product": 3,
    "quantity": 50
  }
},
{
  "model": "demo.orderdetail",
  "pk": 421,
  "fields": {
    "order": 10406,
    "product": 1,
    "quantity": 10
  }
},
{
  "model": "demo.orderdetail",
  "pk": 422,
  "fields": {
    "order": 10406,
    "product": 21,
    "quantity": 30
  }
},
{
  "model": "demo.orderdetail",
  "pk": 423,
  "fields": {
    "order": 10406,
    "product": 28,
    "quantity": 42
  }
},
{
  "model": "demo.orderdetail",
  "pk": 424,
  "fields": {
    "order": 10406,
    "product": 36,
    "quantity": 5
  }
},
{
  "model": "demo.orderdetail",
  "pk": 425,
  "fields": {
    "order": 10406,
    "product": 40,
    "quantity": 2
  }
},
{
  "model": "demo.orderdetail",
  "pk": 426,
  "fields": {
    "order": 10407,
    "product": 11,
    "quantity": 30
  }
},
{
  "model": "demo.orderdetail",
  "pk": 427,
  "fields": {
    "order": 10407,
    "product": 69,
    "quantity": 15
  }
},
{
  "model": "demo.orderdetail",
  "pk": 428,
  "fields": {
    "order": 10407,
    "product": 71,
    "quantity": 15
  }
},
{
  "model": "demo.orderdetail",
  "pk": 429,
  "fields": {
    "order": 10408,
    "product": 37,
    "quantity": 10
  }
},
{
  "model": "demo.orderdetail",
  "pk": 430,
  "fields": {
    "order": 10408,
    "product": 54,
    "quantity": 6
  }
},
{
  "model": "demo.orderdetail",
  "pk": 431,
  "fields": {
    "order": 10408,
    "product": 62,
    "quantity": 35
  }
},
{
  "model": "demo.orderdetail",
  "pk": 432,
  "fields": {
    "order": 10409,
    "product": 14,
    "quantity": 12
  }
},
{
  "model": "demo.orderdetail",
  "pk": 433,
  "fields": {
    "order": 10409,
    "product": 21,
    "quantity": 12
  }
},
{
  "model": "demo.orderdetail",
  "pk": 434,
  "fields": {
    "order": 10410,
    "product": 33,
    "quantity": 49
  }
},
{
  "model": "demo.orderdetail",
  "pk": 435,
  "fields": {
    "order": 10410,
    "product": 59,
    "quantity": 16
  }
},
{
  "model": "demo.orderdetail",
  "pk": 436,
  "fields": {
    "order": 10411,
    "product": 41,
    "quantity": 25
  }
},
{
  "model": "demo.orderdetail",
  "pk": 437,
  "fields": {
    "order": 10411,
    "product": 44,
    "quantity": 40
  }
},
{
  "model": "demo.orderdetail",
  "pk": 438,
  "fields": {
    "order": 10411,
    "product": 59,
    "quantity": 9
  }
},
{
  "model": "demo.orderdetail",
  "pk": 439,
  "fields": {
    "order": 10412,
    "product": 14,
    "quantity": 20
  }
},
{
  "model": "demo.orderdetail",
  "pk": 440,
  "fields": {
    "order": 10413,
    "product": 1,
    "quantity": 24
  }
},
{
  "model": "demo.orderdetail",
  "pk": 441,
  "fields": {
    "order": 10413,
    "product": 62,
    "quantity": 40
  }
},
{
  "model": "demo.orderdetail",
  "pk": 442,
  "fields": {
    "order": 10413,
    "product": 76,
    "quantity": 14
  }
},
{
  "model": "demo.orderdetail",
  "pk": 443,
  "fields": {
    "order": 10414,
    "product": 19,
    "quantity": 18
  }
},
{
  "model": "demo.orderdetail",
  "pk": 444,
  "fields": {
    "order": 10414,
    "product": 33,
    "quantity": 50
  }
},
{
  "model": "demo.orderdetail",
  "pk": 445,
  "fields": {
    "order": 10415,
    "product": 17,
    "quantity": 2
  }
},
{
  "model": "demo.orderdetail",
  "pk": 446,
  "fields": {
    "order": 10415,
    "product": 33,
    "quantity": 20
  }
},
{
  "model": "demo.orderdetail",
  "pk": 447,
  "fields": {
    "order": 10416,
    "product": 19,
    "quantity": 20
  }
},
{
  "model": "demo.orderdetail",
  "pk": 448,
  "fields": {
    "order": 10416,
    "product": 53,
    "quantity": 10
  }
},
{
  "model": "demo.orderdetail",
  "pk": 449,
  "fields": {
    "order": 10416,
    "product": 57,
    "quantity": 20
  }
},
{
  "model": "demo.orderdetail",
  "pk": 450,
  "fields": {
    "order": 10417,
    "product": 38,
    "quantity": 50
  }
},
{
  "model": "demo.orderdetail",
  "pk": 451,
  "fields": {
    "order": 10417,
    "product": 46,
    "quantity": 2
  }
},
{
  "model": "demo.orderdetail",
  "pk": 452,
  "fields": {
    "order": 10417,
    "product": 68,
    "quantity": 36
  }
},
{
  "model": "demo.orderdetail",
  "pk": 453,
  "fields": {
    "order": 10417,
    "product": 77,
    "quantity": 35
  }
},
{
  "model": "demo.orderdetail",
  "pk": 454,
  "fields": {
    "order": 10418,
    "product": 2,
    "quantity": 60
  }
},
{
  "model": "demo.orderdetail",
  "pk": 455,
  "fields": {
    "order": 10418,
    "product": 47,
    "quantity": 55
  }
},
{
  "model": "demo.orderdetail",
  "pk": 456,
  "fields": {
    "order": 10418,
    "product": 61,
    "quantity": 16
  }
},
{
  "model": "demo.orderdetail",
  "pk": 457,
  "fields": {
    "order": 10418,
    "product": 74,
    "quantity": 15
  }
},
{
  "model": "demo.orderdetail",
  "pk": 458,
  "fields": {
    "order": 10419,
    "product": 60,
    "quantity": 60
  }
},
{
  "model": "demo.orderdetail",
  "pk": 459,
  "fields": {
    "order": 10419,
    "product": 69,
    "quantity": 20
  }
},
{
  "model": "demo.orderdetail",
  "pk": 460,
  "fields": {
    "order": 10420,
    "product": 9,
    "quantity": 20
  }
},
{
  "model": "demo.orderdetail",
  "pk": 461,
  "fields": {
    "order": 10420,
    "product": 13,
    "quantity": 2
  }
},
{
  "model": "demo.orderdetail",
  "pk": 462,
  "fields": {
    "order": 10420,
    "product": 70,
    "quantity": 8
  }
},
{
  "model": "demo.orderdetail",
  "pk": 463,
  "fields": {
    "order": 10420,
    "product": 73,
    "quantity": 20
  }
},
{
  "model": "demo.orderdetail",
  "pk": 464,
  "fields": {
    "order": 10421,
    "product": 19,
    "quantity": 4
  }
},
{
  "model": "demo.orderdetail",
  "pk": 465,
  "fields": {
    "order": 10421,
    "product": 26,
    "quantity": 30
  }
},
{
  "model": "demo.orderdetail",
  "pk": 466,
  "fields": {
    "order": 10421,
    "product": 53,
    "quantity": 15
  }
},
{
  "model": "demo.orderdetail",
  "pk": 467,
  "fields": {
    "order": 10421,
    "product": 77,
    "quantity": 10
  }
},
{
  "model": "demo.orderdetail",
  "pk": 468,
  "fields": {
    "order": 10422,
    "product": 26,
    "quantity": 2
  }
},
{
  "model": "demo.orderdetail",
  "pk": 469,
  "fields": {
    "order": 10423,
    "product": 31,
    "quantity": 14
  }
},
{
  "model": "demo.orderdetail",
  "pk": 470,
  "fields": {
    "order": 10423,
    "product": 59,
    "quantity": 20
  }
},
{
  "model": "demo.orderdetail",
  "pk": 471,
  "fields": {
    "order": 10424,
    "product": 35,
    "quantity": 60
  }
},
{
  "model": "demo.orderdetail",
  "pk": 472,
  "fields": {
    "order": 10424,
    "product": 38,
    "quantity": 49
  }
},
{
  "model": "demo.orderdetail",
  "pk": 473,
  "fields": {
    "order": 10424,
    "product": 68,
    "quantity": 30
  }
},
{
  "model": "demo.orderdetail",
  "pk": 474,
  "fields": {
    "order": 10425,
    "product": 55,
    "quantity": 10
  }
},
{
  "model": "demo.orderdetail",
  "pk": 475,
  "fields": {
    "order": 10425,
    "product": 76,
    "quantity": 20
  }
},
{
  "model": "demo.orderdetail",
  "pk": 476,
  "fields": {
    "order": 10426,
    "product": 56,
    "quantity": 5
  }
},
{
  "model": "demo.orderdetail",
  "pk": 477,
  "fields": {
    "order": 10426,
    "product": 64,
    "quantity": 7
  }
},
{
  "model": "demo.orderdetail",
  "pk": 478,
  "fields": {
    "order": 10427,
    "product": 14,
    "quantity": 35
  }
},
{
  "model": "demo.orderdetail",
  "pk": 479,
  "fields": {
    "order": 10428,
    "product": 46,
    "quantity": 20
  }
},
{
  "model": "demo.orderdetail",
  "pk": 480,
  "fields": {
    "order": 10429,
    "product": 50,
    "quantity": 40
  }
},
{
  "model": "demo.orderdetail",
  "pk": 481,
  "fields": {
    "order": 10429,
    "product": 63,
    "quantity": 35
  }
},
{
  "model": "demo.orderdetail",
  "pk": 482,
  "fields": {
    "order": 10430,
    "product": 17,
    "quantity": 45
  }
},
{
  "model": "demo.orderdetail",
  "pk": 483,
  "fields": {
    "order": 10430,
    "product": 21,
    "quantity": 50
  }
},
{
  "model": "demo.orderdetail",
  "pk": 484,
  "fields": {
    "order": 10430,
    "product": 56,
    "quantity": 30
  }
},
{
  "model": "demo.orderdetail",
  "pk": 485,
  "fields": {
    "order": 10430,
    "product": 59,
    "quantity": 70
  }
},
{
  "model": "demo.orderdetail",
  "pk": 486,
  "fields": {
    "order": 10431,
    "product": 17,
    "quantity": 50
  }
},
{
  "model": "demo.orderdetail",
  "pk": 487,
  "fields": {
    "order": 10431,
    "product": 40,
    "quantity": 50
  }
},
{
  "model": "demo.orderdetail",
  "pk": 488,
  "fields": {
    "order": 10431,
    "product": 47,
    "quantity": 30
  }
},
{
  "model": "demo.orderdetail",
  "pk": 489,
  "fields": {
    "order": 10432,
    "product": 26,
    "quantity": 10
  }
},
{
  "model": "demo.orderdetail",
  "pk": 490,
  "fields": {
    "order": 10432,
    "product": 54,
    "quantity": 40
  }
},
{
  "model": "demo.orderdetail",
  "pk": 491,
  "fields": {
    "order": 10433,
    "product": 56,
    "quantity": 28
  }
},
{
  "model": "demo.orderdetail",
  "pk": 492,
  "fields": {
    "order": 10434,
    "product": 11,
    "quantity": 6
  }
},
{
  "model": "demo.orderdetail",
  "pk": 493,
  "fields": {
    "order": 10434,
    "product": 76,
    "quantity": 18
  }
},
{
  "model": "demo.orderdetail",
  "pk": 494,
  "fields": {
    "order": 10435,
    "product": 2,
    "quantity": 10
  }
},
{
  "model": "demo.orderdetail",
  "pk": 495,
  "fields": {
    "order": 10435,
    "product": 22,
    "quantity": 12
  }
},
{
  "model": "demo.orderdetail",
  "pk": 496,
  "fields": {
    "order": 10435,
    "product": 72,
    "quantity": 10
  }
},
{
  "model": "demo.orderdetail",
  "pk": 497,
  "fields": {
    "order": 10436,
    "product": 46,
    "quantity": 5
  }
},
{
  "model": "demo.orderdetail",
  "pk": 498,
  "fields": {
    "order": 10436,
    "product": 56,
    "quantity": 40
  }
},
{
  "model": "demo.orderdetail",
  "pk": 499,
  "fields": {
    "order": 10436,
    "product": 64,
    "quantity": 30
  }
},
{
  "model": "demo.orderdetail",
  "pk": 500,
  "fields": {
    "order": 10436,
    "product": 75,
    "quantity": 24
  }
},
{
  "model": "demo.orderdetail",
  "pk": 501,
  "fields": {
    "order": 10437,
    "product": 53,
    "quantity": 15
  }
},
{
  "model": "demo.orderdetail",
  "pk": 502,
  "fields": {
    "order": 10438,
    "product": 19,
    "quantity": 15
  }
},
{
  "model": "demo.orderdetail",
  "pk": 503,
  "fields": {
    "order": 10438,
    "product": 34,
    "quantity": 20
  }
},
{
  "model": "demo.orderdetail",
  "pk": 504,
  "fields": {
    "order": 10438,
    "product": 57,
    "quantity": 15
  }
},
{
  "model": "demo.orderdetail",
  "pk": 505,
  "fields": {
    "order": 10439,
    "product": 12,
    "quantity": 15
  }
},
{
  "model": "demo.orderdetail",
  "pk": 506,
  "fields": {
    "order": 10439,
    "product": 16,
    "quantity": 16
  }
},
{
  "model": "demo.orderdetail",
  "pk": 507,
  "fields": {
    "order": 10439,
    "product": 64,
    "quantity": 6
  }
},
{
  "model": "demo.orderdetail",
  "pk": 508,
  "fields": {
    "order": 10439,
    "product": 74,
    "quantity": 30
  }
},
{
  "model": "demo.orderdetail",
  "pk": 509,
  "fields": {
    "order": 10440,
    "product": 2,
    "quantity": 45
  }
},
{
  "model": "demo.orderdetail",
  "pk": 510,
  "fields": {
    "order": 10440,
    "product": 16,
    "quantity": 49
  }
},
{
  "model": "demo.orderdetail",
  "pk": 511,
  "fields": {
    "order": 10440,
    "product": 29,
    "quantity": 24
  }
},
{
  "model": "demo.orderdetail",
  "pk": 512,
  "fields": {
    "order": 10440,
    "product": 61,
    "quantity": 90
  }
},
{
  "model": "demo.orderdetail",
  "pk": 513,
  "fields": {
    "order": 10441,
    "product": 27,
    "quantity": 50
  }
},
{
  "model": "demo.orderdetail",
  "pk": 514,
  "fields": {
    "order": 10442,
    "product": 11,
    "quantity": 30
  }
},
{
  "model": "demo.orderdetail",
  "pk": 515,
  "fields": {
    "order": 10442,
    "product": 54,
    "quantity": 80
  }
},
{
  "model": "demo.orderdetail",
  "pk": 516,
  "fields": {
    "order": 10442,
    "product": 66,
    "quantity": 60
  }
},
{
  "model": "demo.orderdetail",
  "pk": 517,
  "fields": {
    "order": 10443,
    "product": 11,
    "quantity": 6
  }
},
{
  "model": "demo.orderdetail",
  "pk": 518,
  "fields": {
    "order": 10443,
    "product": 28,
    "quantity": 12
  }
}
]
